--
-- PostgreSQL database dump
--

\restrict Ki0IyWbPMsg4pxZwBvE9pIah7Ic81t1gn3a7T8uI91wr2ahPfypnOIQcngyO2E5

-- Dumped from database version 16.13 (Debian 16.13-1.pgdg12+1)
-- Dumped by pg_dump version 16.13 (Debian 16.13-1.pgdg12+1)

SET statement_timeout = 0;
SET lock_timeout = 0;
SET idle_in_transaction_session_timeout = 0;
SET client_encoding = 'UTF8';
SET standard_conforming_strings = on;
SELECT pg_catalog.set_config('search_path', '', false);
SET check_function_bodies = false;
SET xmloption = content;
SET client_min_messages = warning;
SET row_security = off;

--
-- Name: vector; Type: EXTENSION; Schema: -; Owner: -
--

CREATE EXTENSION IF NOT EXISTS vector WITH SCHEMA public;


--
-- Name: EXTENSION vector; Type: COMMENT; Schema: -; Owner: 
--

COMMENT ON EXTENSION vector IS 'vector data type and ivfflat and hnsw access methods';


SET default_tablespace = '';

SET default_table_access_method = heap;

--
-- Name: auth_group; Type: TABLE; Schema: public; Owner: postgres
--

CREATE TABLE public.auth_group (
    id integer NOT NULL,
    name character varying(150) NOT NULL
);


ALTER TABLE public.auth_group OWNER TO postgres;

--
-- Name: auth_group_id_seq; Type: SEQUENCE; Schema: public; Owner: postgres
--

ALTER TABLE public.auth_group ALTER COLUMN id ADD GENERATED BY DEFAULT AS IDENTITY (
    SEQUENCE NAME public.auth_group_id_seq
    START WITH 1
    INCREMENT BY 1
    NO MINVALUE
    NO MAXVALUE
    CACHE 1
);


--
-- Name: auth_group_permissions; Type: TABLE; Schema: public; Owner: postgres
--

CREATE TABLE public.auth_group_permissions (
    id bigint NOT NULL,
    group_id integer NOT NULL,
    permission_id integer NOT NULL
);


ALTER TABLE public.auth_group_permissions OWNER TO postgres;

--
-- Name: auth_group_permissions_id_seq; Type: SEQUENCE; Schema: public; Owner: postgres
--

ALTER TABLE public.auth_group_permissions ALTER COLUMN id ADD GENERATED BY DEFAULT AS IDENTITY (
    SEQUENCE NAME public.auth_group_permissions_id_seq
    START WITH 1
    INCREMENT BY 1
    NO MINVALUE
    NO MAXVALUE
    CACHE 1
);


--
-- Name: auth_permission; Type: TABLE; Schema: public; Owner: postgres
--

CREATE TABLE public.auth_permission (
    id integer NOT NULL,
    name character varying(255) NOT NULL,
    content_type_id integer NOT NULL,
    codename character varying(100) NOT NULL
);


ALTER TABLE public.auth_permission OWNER TO postgres;

--
-- Name: auth_permission_id_seq; Type: SEQUENCE; Schema: public; Owner: postgres
--

ALTER TABLE public.auth_permission ALTER COLUMN id ADD GENERATED BY DEFAULT AS IDENTITY (
    SEQUENCE NAME public.auth_permission_id_seq
    START WITH 1
    INCREMENT BY 1
    NO MINVALUE
    NO MAXVALUE
    CACHE 1
);


--
-- Name: auth_user; Type: TABLE; Schema: public; Owner: postgres
--

CREATE TABLE public.auth_user (
    id integer NOT NULL,
    password character varying(128) NOT NULL,
    last_login timestamp with time zone,
    is_superuser boolean NOT NULL,
    username character varying(150) NOT NULL,
    first_name character varying(150) NOT NULL,
    last_name character varying(150) NOT NULL,
    email character varying(254) NOT NULL,
    is_staff boolean NOT NULL,
    is_active boolean NOT NULL,
    date_joined timestamp with time zone NOT NULL
);


ALTER TABLE public.auth_user OWNER TO postgres;

--
-- Name: auth_user_groups; Type: TABLE; Schema: public; Owner: postgres
--

CREATE TABLE public.auth_user_groups (
    id bigint NOT NULL,
    user_id integer NOT NULL,
    group_id integer NOT NULL
);


ALTER TABLE public.auth_user_groups OWNER TO postgres;

--
-- Name: auth_user_groups_id_seq; Type: SEQUENCE; Schema: public; Owner: postgres
--

ALTER TABLE public.auth_user_groups ALTER COLUMN id ADD GENERATED BY DEFAULT AS IDENTITY (
    SEQUENCE NAME public.auth_user_groups_id_seq
    START WITH 1
    INCREMENT BY 1
    NO MINVALUE
    NO MAXVALUE
    CACHE 1
);


--
-- Name: auth_user_id_seq; Type: SEQUENCE; Schema: public; Owner: postgres
--

ALTER TABLE public.auth_user ALTER COLUMN id ADD GENERATED BY DEFAULT AS IDENTITY (
    SEQUENCE NAME public.auth_user_id_seq
    START WITH 1
    INCREMENT BY 1
    NO MINVALUE
    NO MAXVALUE
    CACHE 1
);


--
-- Name: auth_user_user_permissions; Type: TABLE; Schema: public; Owner: postgres
--

CREATE TABLE public.auth_user_user_permissions (
    id bigint NOT NULL,
    user_id integer NOT NULL,
    permission_id integer NOT NULL
);


ALTER TABLE public.auth_user_user_permissions OWNER TO postgres;

--
-- Name: auth_user_user_permissions_id_seq; Type: SEQUENCE; Schema: public; Owner: postgres
--

ALTER TABLE public.auth_user_user_permissions ALTER COLUMN id ADD GENERATED BY DEFAULT AS IDENTITY (
    SEQUENCE NAME public.auth_user_user_permissions_id_seq
    START WITH 1
    INCREMENT BY 1
    NO MINVALUE
    NO MAXVALUE
    CACHE 1
);


--
-- Name: django_admin_log; Type: TABLE; Schema: public; Owner: postgres
--

CREATE TABLE public.django_admin_log (
    id integer NOT NULL,
    action_time timestamp with time zone NOT NULL,
    object_id text,
    object_repr character varying(200) NOT NULL,
    action_flag smallint NOT NULL,
    change_message text NOT NULL,
    content_type_id integer,
    user_id integer NOT NULL,
    CONSTRAINT django_admin_log_action_flag_check CHECK ((action_flag >= 0))
);


ALTER TABLE public.django_admin_log OWNER TO postgres;

--
-- Name: django_admin_log_id_seq; Type: SEQUENCE; Schema: public; Owner: postgres
--

ALTER TABLE public.django_admin_log ALTER COLUMN id ADD GENERATED BY DEFAULT AS IDENTITY (
    SEQUENCE NAME public.django_admin_log_id_seq
    START WITH 1
    INCREMENT BY 1
    NO MINVALUE
    NO MAXVALUE
    CACHE 1
);


--
-- Name: django_content_type; Type: TABLE; Schema: public; Owner: postgres
--

CREATE TABLE public.django_content_type (
    id integer NOT NULL,
    app_label character varying(100) NOT NULL,
    model character varying(100) NOT NULL
);


ALTER TABLE public.django_content_type OWNER TO postgres;

--
-- Name: django_content_type_id_seq; Type: SEQUENCE; Schema: public; Owner: postgres
--

ALTER TABLE public.django_content_type ALTER COLUMN id ADD GENERATED BY DEFAULT AS IDENTITY (
    SEQUENCE NAME public.django_content_type_id_seq
    START WITH 1
    INCREMENT BY 1
    NO MINVALUE
    NO MAXVALUE
    CACHE 1
);


--
-- Name: django_migrations; Type: TABLE; Schema: public; Owner: postgres
--

CREATE TABLE public.django_migrations (
    id bigint NOT NULL,
    app character varying(255) NOT NULL,
    name character varying(255) NOT NULL,
    applied timestamp with time zone NOT NULL
);


ALTER TABLE public.django_migrations OWNER TO postgres;

--
-- Name: django_migrations_id_seq; Type: SEQUENCE; Schema: public; Owner: postgres
--

ALTER TABLE public.django_migrations ALTER COLUMN id ADD GENERATED BY DEFAULT AS IDENTITY (
    SEQUENCE NAME public.django_migrations_id_seq
    START WITH 1
    INCREMENT BY 1
    NO MINVALUE
    NO MAXVALUE
    CACHE 1
);


--
-- Name: django_session; Type: TABLE; Schema: public; Owner: postgres
--

CREATE TABLE public.django_session (
    session_key character varying(40) NOT NULL,
    session_data text NOT NULL,
    expire_date timestamp with time zone NOT NULL
);


ALTER TABLE public.django_session OWNER TO postgres;

--
-- Name: rag_chatconversation; Type: TABLE; Schema: public; Owner: postgres
--

CREATE TABLE public.rag_chatconversation (
    id bigint NOT NULL,
    created_at timestamp with time zone NOT NULL,
    document_id bigint NOT NULL,
    user_id integer NOT NULL
);


ALTER TABLE public.rag_chatconversation OWNER TO postgres;

--
-- Name: rag_chatconversation_id_seq; Type: SEQUENCE; Schema: public; Owner: postgres
--

ALTER TABLE public.rag_chatconversation ALTER COLUMN id ADD GENERATED BY DEFAULT AS IDENTITY (
    SEQUENCE NAME public.rag_chatconversation_id_seq
    START WITH 1
    INCREMENT BY 1
    NO MINVALUE
    NO MAXVALUE
    CACHE 1
);


--
-- Name: rag_chatmessage; Type: TABLE; Schema: public; Owner: postgres
--

CREATE TABLE public.rag_chatmessage (
    id bigint NOT NULL,
    role character varying(10) NOT NULL,
    content text NOT NULL,
    created_at timestamp with time zone NOT NULL,
    conversation_id bigint NOT NULL,
    reasoning_trace jsonb,
    sources jsonb
);


ALTER TABLE public.rag_chatmessage OWNER TO postgres;

--
-- Name: rag_chatmessage_id_seq; Type: SEQUENCE; Schema: public; Owner: postgres
--

ALTER TABLE public.rag_chatmessage ALTER COLUMN id ADD GENERATED BY DEFAULT AS IDENTITY (
    SEQUENCE NAME public.rag_chatmessage_id_seq
    START WITH 1
    INCREMENT BY 1
    NO MINVALUE
    NO MAXVALUE
    CACHE 1
);


--
-- Name: rag_document; Type: TABLE; Schema: public; Owner: postgres
--

CREATE TABLE public.rag_document (
    id bigint NOT NULL,
    title character varying(255) NOT NULL,
    file character varying(100) NOT NULL,
    uploaded_at timestamp with time zone NOT NULL,
    user_id integer NOT NULL,
    chunks_count integer NOT NULL,
    error_message text,
    status character varying(20) NOT NULL
);


ALTER TABLE public.rag_document OWNER TO postgres;

--
-- Name: rag_document_id_seq; Type: SEQUENCE; Schema: public; Owner: postgres
--

ALTER TABLE public.rag_document ALTER COLUMN id ADD GENERATED BY DEFAULT AS IDENTITY (
    SEQUENCE NAME public.rag_document_id_seq
    START WITH 1
    INCREMENT BY 1
    NO MINVALUE
    NO MAXVALUE
    CACHE 1
);


--
-- Name: rag_documentchunk; Type: TABLE; Schema: public; Owner: postgres
--

CREATE TABLE public.rag_documentchunk (
    id bigint NOT NULL,
    text text NOT NULL,
    embedding public.vector(384) NOT NULL,
    document_id bigint NOT NULL
);


ALTER TABLE public.rag_documentchunk OWNER TO postgres;

--
-- Name: rag_documentchunk_id_seq; Type: SEQUENCE; Schema: public; Owner: postgres
--

ALTER TABLE public.rag_documentchunk ALTER COLUMN id ADD GENERATED BY DEFAULT AS IDENTITY (
    SEQUENCE NAME public.rag_documentchunk_id_seq
    START WITH 1
    INCREMENT BY 1
    NO MINVALUE
    NO MAXVALUE
    CACHE 1
);


--
-- Data for Name: auth_group; Type: TABLE DATA; Schema: public; Owner: postgres
--

COPY public.auth_group (id, name) FROM stdin;
\.


--
-- Data for Name: auth_group_permissions; Type: TABLE DATA; Schema: public; Owner: postgres
--

COPY public.auth_group_permissions (id, group_id, permission_id) FROM stdin;
\.


--
-- Data for Name: auth_permission; Type: TABLE DATA; Schema: public; Owner: postgres
--

COPY public.auth_permission (id, name, content_type_id, codename) FROM stdin;
1	Can add log entry	1	add_logentry
2	Can change log entry	1	change_logentry
3	Can delete log entry	1	delete_logentry
4	Can view log entry	1	view_logentry
5	Can add user	2	add_user
6	Can change user	2	change_user
7	Can delete user	2	delete_user
8	Can view user	2	view_user
9	Can add group	3	add_group
10	Can change group	3	change_group
11	Can delete group	3	delete_group
12	Can view group	3	view_group
13	Can add permission	4	add_permission
14	Can change permission	4	change_permission
15	Can delete permission	4	delete_permission
16	Can view permission	4	view_permission
17	Can add content type	5	add_contenttype
18	Can change content type	5	change_contenttype
19	Can delete content type	5	delete_contenttype
20	Can view content type	5	view_contenttype
21	Can add session	6	add_session
22	Can change session	6	change_session
23	Can delete session	6	delete_session
24	Can view session	6	view_session
25	Can add document chunk	7	add_documentchunk
26	Can change document chunk	7	change_documentchunk
27	Can delete document chunk	7	delete_documentchunk
28	Can view document chunk	7	view_documentchunk
29	Can add chat conversation	8	add_chatconversation
30	Can change chat conversation	8	change_chatconversation
31	Can delete chat conversation	8	delete_chatconversation
32	Can view chat conversation	8	view_chatconversation
33	Can add chat message	9	add_chatmessage
34	Can change chat message	9	change_chatmessage
35	Can delete chat message	9	delete_chatmessage
36	Can view chat message	9	view_chatmessage
37	Can add document	10	add_document
38	Can change document	10	change_document
39	Can delete document	10	delete_document
40	Can view document	10	view_document
\.


--
-- Data for Name: auth_user; Type: TABLE DATA; Schema: public; Owner: postgres
--

COPY public.auth_user (id, password, last_login, is_superuser, username, first_name, last_name, email, is_staff, is_active, date_joined) FROM stdin;
2	pbkdf2_sha256$600000$eOzlAHf9ZHxa72rb5vH4kt$bNOVWxbt8nm2L+88aFUdQ1oDrhzhdO8vHlDDKuFJsWE=	\N	t	moinak05			moinakm005@gmail.com	t	t	2026-03-28 19:20:44.352461+00
3	pbkdf2_sha256$1200000$fMEum4eLMeMmUhpgDPiKfW$SwugqAZqMRvVjY4vTNvZdXm1kzjtneaZV5hlCmidJ4c=	\N	f	som				f	t	2026-04-06 11:08:25.890131+00
1	pbkdf2_sha256$1200000$rGa7V7wyytHz7Pwbim8KGn$I88Y9sduxvzTpKbJJNqV/slswyR3nzNt/8+yZy2K4XY=	2026-04-13 20:29:05.698807+00	t	moinak			moinakm005@gmail.com	t	t	2026-03-11 17:18:29.781879+00
\.


--
-- Data for Name: auth_user_groups; Type: TABLE DATA; Schema: public; Owner: postgres
--

COPY public.auth_user_groups (id, user_id, group_id) FROM stdin;
\.


--
-- Data for Name: auth_user_user_permissions; Type: TABLE DATA; Schema: public; Owner: postgres
--

COPY public.auth_user_user_permissions (id, user_id, permission_id) FROM stdin;
\.


--
-- Data for Name: django_admin_log; Type: TABLE DATA; Schema: public; Owner: postgres
--

COPY public.django_admin_log (id, action_time, object_id, object_repr, action_flag, change_message, content_type_id, user_id) FROM stdin;
1	2026-04-06 11:08:30.777423+00	3	som	1	[{"added": {}}]	2	1
\.


--
-- Data for Name: django_content_type; Type: TABLE DATA; Schema: public; Owner: postgres
--

COPY public.django_content_type (id, app_label, model) FROM stdin;
1	admin	logentry
2	auth	user
3	auth	group
4	auth	permission
5	contenttypes	contenttype
6	sessions	session
7	rag	documentchunk
8	rag	chatconversation
9	rag	chatmessage
10	rag	document
\.


--
-- Data for Name: django_migrations; Type: TABLE DATA; Schema: public; Owner: postgres
--

COPY public.django_migrations (id, app, name, applied) FROM stdin;
1	contenttypes	0001_initial	2026-03-08 14:11:19.664162+00
2	auth	0001_initial	2026-03-08 14:11:20.011032+00
3	admin	0001_initial	2026-03-08 14:11:20.112404+00
4	admin	0002_logentry_remove_auto_add	2026-03-08 14:11:20.123553+00
5	admin	0003_logentry_add_action_flag_choices	2026-03-08 14:11:20.134545+00
6	contenttypes	0002_remove_content_type_name	2026-03-08 14:11:20.1652+00
7	auth	0002_alter_permission_name_max_length	2026-03-08 14:11:20.180939+00
8	auth	0003_alter_user_email_max_length	2026-03-08 14:11:20.195814+00
9	auth	0004_alter_user_username_opts	2026-03-08 14:11:20.207163+00
10	auth	0005_alter_user_last_login_null	2026-03-08 14:11:20.225435+00
11	auth	0006_require_contenttypes_0002	2026-03-08 14:11:20.235371+00
12	auth	0007_alter_validators_add_error_messages	2026-03-08 14:11:20.248792+00
13	auth	0008_alter_user_username_max_length	2026-03-08 14:11:20.287397+00
14	auth	0009_alter_user_last_name_max_length	2026-03-08 14:11:20.298696+00
15	auth	0010_alter_group_name_max_length	2026-03-08 14:11:20.31694+00
16	auth	0011_update_proxy_permissions	2026-03-08 14:11:20.330717+00
17	auth	0012_alter_user_first_name_max_length	2026-03-08 14:11:20.346542+00
18	rag	0001_initial	2026-03-11 17:15:24.814746+00
19	sessions	0001_initial	2026-03-11 17:15:24.939393+00
20	rag	0002_chatmessage_reasoning_trace_chatmessage_sources_and_more	2026-03-28 18:50:40.05064+00
\.


--
-- Data for Name: django_session; Type: TABLE DATA; Schema: public; Owner: postgres
--

COPY public.django_session (session_key, session_data, expire_date) FROM stdin;
ztas5n4dpe9aw4gpowwfqbsb1nlwyc7a	.eJxVjEsOAiEQBe_C2hB-8nHp3jOQhm5k1EAyzKyMdzcks9Dtq6r3ZhH2rcZ90BoXZBcm2el3S5Cf1CbAB7R757m3bV0Snwo_6OC3jvS6Hu7fQYVRZ21RpWKtyGQBnck-BCJ1lkIVgCyEB5OK1sqlhCprbXxwkhzIgI6CZp8v_LY4Mg:1w9hKF:dlXNJyR3mMXPg9gKj4w8DPF0aV2TuofEuyVC-PAdY70	2026-04-20 10:36:59.30739+00
zxg06jvwm3crdb6f969kdl31sdowg42a	.eJxVjEsOAiEQBe_C2hB-8nHp3jOQhm5k1EAyzKyMdzcks9Dtq6r3ZhH2rcZ90BoXZBcm2el3S5Cf1CbAB7R757m3bV0Snwo_6OC3jvS6Hu7fQYVRZ21RpWKtyGQBnck-BCJ1lkIVgCyEB5OK1sqlhCprbXxwkhzIgI6CZp8v_LY4Mg:1w9hcW:D--GQD83GTAFDtS18v7rC4tFW92IZdtgFr6NPeWNsIs	2026-04-20 10:55:52.616254+00
58dahqm8mjkisgueovqo9xkmtv4dlldn	.eJxVjEsOAiEQBe_C2hB-8nHp3jOQhm5k1EAyzKyMdzcks9Dtq6r3ZhH2rcZ90BoXZBcm2el3S5Cf1CbAB7R757m3bV0Snwo_6OC3jvS6Hu7fQYVRZ21RpWKtyGQBnck-BCJ1lkIVgCyEB5OK1sqlhCprbXxwkhzIgI6CZp8v_LY4Mg:1wCNu5:TMUeVK0nfYWQA7iwkbST0fV4FAPdevw8-uHnxfy0KHE	2026-04-27 20:29:05.751461+00
\.


--
-- Data for Name: rag_chatconversation; Type: TABLE DATA; Schema: public; Owner: postgres
--

COPY public.rag_chatconversation (id, created_at, document_id, user_id) FROM stdin;
1	2026-04-13 21:15:30.347489+00	2	1
\.


--
-- Data for Name: rag_chatmessage; Type: TABLE DATA; Schema: public; Owner: postgres
--

COPY public.rag_chatmessage (id, role, content, created_at, conversation_id, reasoning_trace, sources) FROM stdin;
1	user	tell me about the document	2026-04-13 21:22:53.412808+00	1	\N	\N
2	ai	Based on the provided context documents, a document can be defined as a record or a written piece of information that provides evidence or proof of something. \n\nAccording to Source 2 (Wikipedia), a document is "a written, drawn, or printed piece of information, especially one that is officially recognized or legally valid."\n\nSource 1 (Quora) and Source 3 (WIRED) also provide similar definitions, emphasizing that a document can be in various forms, including written, printed, or digital.\n\nSource 4 (LibGuides at University of Illinois at Urbana-Champaign) and Source 5 (unspecified source) seem to provide more general information about documents, but they do not add significantly new information to the definition.\n\nIn summary, a document is a written or printed piece of information that serves as a record or proof of something, and it can be in various forms. (References: Source 1, Source 2, Source 3)	2026-04-13 21:22:53.462687+00	1	["[ROUTE] Analyzing query: 'tell me about the document'", "[ROUTE] → Document search will be used", "[RETRIEVE] Starting document search...", "[RETRIEVE] Error: BaseTool.__call__() got an unexpected keyword argument 'top_k'", "[WEB] Performing web search...", "[WEB] Found 5 web results", "[GENERATE] Compiling context and generating answer...", "[GENERATE] 🔄 Switched to Groq API (Gemini limit reached)"]	[{"id": 0, "text": "What is a document? - Quora\\n", "score": 0.99657035}, {"id": 1, "text": "Document - Wikipedia\\n", "score": 0.99356186}, {"id": 2, "text": "What's a Document | WIRED\\n", "score": 0.99108386}]
3	user	brooo tell me about the document i have uploaded to you	2026-04-13 21:24:26.001463+00	1	\N	\N
4	ai	Based on the provided context documents, I'm unsure about the specific document you've uploaded as there is no information about the document itself. The context documents seem to be related to general topics such as checking upload history, previewing uploaded documents, and finding uploaded files, but they don't provide any specific details about the document you're referring to. \n\nAccording to [Source 1], it appears that someone is asking if another user is providing information about an uploaded document on Reddit, but it doesn't provide any information about your specific document. If you could provide more context or details about the document, I'd be happy to try and help.	2026-04-13 21:24:26.017651+00	1	["[ROUTE] Analyzing query: 'brooo tell me about the document i have uploaded to you'", "[ROUTE] → Document search will be used", "[RETRIEVE] Starting document search...", "[RETRIEVE] Error: BaseTool.__call__() got an unexpected keyword argument 'top_k'", "[WEB] Performing web search...", "[WEB] Found 5 web results", "[GENERATE] Compiling context and generating answer...", "[GENERATE] 🔄 Switched to Groq API (Gemini limit reached)"]	[{"id": 0, "text": "Is bro giving me info about some other uploaded document? - Reddit\\n", "score": 0.54608524}, {"id": 1, "text": "How to check the upload history - YouTube\\n", "score": 0.11585087}, {"id": 2, "text": "How to preview an uploaded document - YouTube\\n", "score": 0.10290736}]
5	user	tell me about moinak	2026-04-13 21:31:21.021257+00	1	\N	\N
6	ai	Error generating answer: Gemini API failed: 400 * GenerateContentRequest.safety_settings[0]: element predicate failed: $.category in (HarmCategory.HARM_CATEGORY_HATE_SPEECH, HarmCategory.HARM_CATEGORY_SEXUALLY_EXPLICIT, HarmCategory.HARM_CATEGORY_DANGEROUS_CONTENT, HarmCategory.HARM_CATEGORY_HARASSMENT, HarmCategory.HARM_CATEGORY_CIVIC_INTEGRITY)\n	2026-04-13 21:31:21.042452+00	1	["[ROUTE] Analyzing query: 'tell me about moinak'", "[ROUTE] → Document search will be used", "[RETRIEVE] Starting document search...", "[RETRIEVE] Error: BaseTool.__call__() got an unexpected keyword argument 'top_k'", "[WEB] Performing web search...", "[WEB] Found 5 web results", "[GENERATE] Compiling context and generating answer...", "[GENERATE] Error: Gemini API failed: 400 * GenerateContentRequest.safety_settings[0]: element predicate failed: $.category in (HarmCategory.HARM_CATEGORY_HATE_SPEECH, HarmCategory.HARM_CATEGORY_SEXUALLY_EXPLICIT, HarmCategory.HARM_CATEGORY_DANGEROUS_CONTENT, HarmCategory.HARM_CATEGORY_HARASSMENT, HarmCategory.HARM_CATEGORY_CIVIC_INTEGRITY)\\n"]	[{"id": 0, "text": "Moinak Banerjee - Wikipedia\\n", "score": 0.7163977}, {"id": 1, "text": "Moinak Hydro Power Plant - Wikipedia\\n", "score": 0.5775198}, {"id": 2, "text": "Moinak Banerjee | Department of English - McGill University\\n", "score": 0.5550741}]
7	user	tell me about moinak	2026-04-13 21:34:06.996904+00	1	\N	\N
8	ai	Error generating answer: Gemini API failed: 404 models/gemini-1.5-flash is not found for API version v1beta, or is not supported for generateContent. Call ListModels to see the list of available models and their supported methods.	2026-04-13 21:34:07.017376+00	1	["[ROUTE] Analyzing query: 'tell me about moinak'", "[ROUTE] → Document search will be used", "[RETRIEVE] Starting document search...", "[RETRIEVE] Error: Hybrid search failed: Embedding model not initialized. Call set_embedding_model() first.", "[WEB] Performing web search...", "[WEB] Found 5 web results", "[GENERATE] Compiling context and generating answer...", "[GENERATE] Error: Gemini API failed: 404 models/gemini-1.5-flash is not found for API version v1beta, or is not supported for generateContent. Call ListModels to see the list of available models and their supported methods."]	[{"id": 0, "text": "Moinak Banerjee - Wikipedia\\n", "score": 0.7163977}, {"id": 1, "text": "Moinak Hydro Power Plant - Wikipedia\\n", "score": 0.5775198}, {"id": 2, "text": "Moinak Banerjee | Department of English - McGill University\\n", "score": 0.5550741}]
9	user	tell me about moinak	2026-04-13 21:38:36.092336+00	1	\N	\N
10	ai	Error generating answer: Gemini API failed: Unknown field for UsageMetadata: prompt_character_count	2026-04-13 21:38:36.111171+00	1	["[ROUTE] Analyzing query: 'tell me about moinak'", "[ROUTE] → Document search will be used", "[RETRIEVE] Starting document search...", "[RETRIEVE] Error: Hybrid search failed: Embedding model not initialized. Call set_embedding_model() first.", "[WEB] Performing web search...", "[WEB] Found 5 web results", "[GENERATE] Compiling context and generating answer...", "[GENERATE] Error: Gemini API failed: Unknown field for UsageMetadata: prompt_character_count"]	[{"id": 0, "text": "Moinak Banerjee - Wikipedia\\n", "score": 0.7163977}, {"id": 1, "text": "Moinak Hydro Power Plant - Wikipedia\\n", "score": 0.5775198}, {"id": 2, "text": "Moinak Banerjee | Department of English - McGill University\\n", "score": 0.5550741}]
11	user	tell me about moinak	2026-04-13 21:46:03.150373+00	1	\N	\N
12	ai	Error generating answer: Gemini API failed: Unknown field for UsageMetadata: prompt_character_count	2026-04-13 21:46:03.167109+00	1	["[ROUTE] Analyzing query: 'tell me about moinak'", "[ROUTE] → Document search will be used", "[RETRIEVE] Starting document search...", "[RETRIEVE] Error: Hybrid search failed: Embedding model not initialized. Call set_embedding_model() first.", "[WEB] Performing web search...", "[WEB] Found 5 web results", "[GENERATE] Compiling context and generating answer...", "[GENERATE] Error: Gemini API failed: Unknown field for UsageMetadata: prompt_character_count"]	[{"id": 0, "text": "Moinak Banerjee - Wikipedia\\n", "score": 0.7163977}, {"id": 1, "text": "Moinak Hydro Power Plant - Wikipedia\\n", "score": 0.5775198}, {"id": 2, "text": "Moinak Banerjee | Department of English - McGill University\\n", "score": 0.5550741}]
\.


--
-- Data for Name: rag_document; Type: TABLE DATA; Schema: public; Owner: postgres
--

COPY public.rag_document (id, title, file, uploaded_at, user_id, chunks_count, error_message, status) FROM stdin;
1	My Test PDF	documents/Moinak_Mondal_Resume.pdf	2026-03-11 19:57:12.597023+00	1	4	\N	ready
2	Moinak Mondal Resume	documents/Moinak_Mondal_Resume_vk9efwv.pdf	2026-04-13 20:56:50.185975+00	1	4	\N	ready
\.


--
-- Data for Name: rag_documentchunk; Type: TABLE DATA; Schema: public; Owner: postgres
--

COPY public.rag_documentchunk (id, text, embedding, document_id) FROM stdin;
1	Certifications:  Introduction To Generative AI, NLP with Real World Projects\nParticipations:  Secured top 10 in 48 hrs CTF organised by MIT, Manipal, Finalist in many\nintra college hackathons (FET CODEWAVE 3.0 Hackathon, Code Relay)\nSolved 50+ Problems in HackerRank\n August 2023 - June 2027\nBachelor of Technology (CSE-AIML)\nJain (Deemed-To-Be) University, Bengaluru, Karnataka\nCGPA: 8.25(Avg) , Class 12th: 75% (CBSE) \nProblem-solving-driven Engineer with strong foundations in Agentic AI Systems, Web Development\nand Full-Stack Development. Experienced in Data Structures & Algorithm building scalable web\nplatforms, LLM-powered applications, optimizing backend logic, and designing clean, efficient\nsystems. Passionate about algorithmic challenges, backend engineering, and performance-driven\nsolutions.\nMOINAK MONDAL\nBengaluru | moinak.mondal057@gmail.com | +91 80179 70125\nAGENTIC AI ENGINEER\nJune 2025 - Present\n Full Stack Engineer Intern – TapNex (NexGen FC)\nAssisted in building 4 productio	[-0.085677676,-0.04372614,-0.018940076,-0.0022423777,-0.041278575,-0.08113441,0.03394807,0.02946354,-0.08106258,0.003204849,-0.06875909,-0.15219839,0.1062023,-0.00060821645,-0.009733496,0.064300165,-0.0099727465,-0.035910644,-0.045498386,-0.11420691,-0.00846692,-0.010246425,-0.054559324,-0.10677484,-0.032094214,0.037550993,0.0145869255,-0.08430844,0.0019090207,-0.082401656,0.029192382,0.068436645,-0.008247478,0.060330756,-0.008597441,0.08179402,-0.081103906,-0.04164513,0.084665224,-0.003062924,-0.04403159,-0.024168368,-0.04771007,-0.06358591,0.016396992,-0.019942323,-0.04962878,-0.05043246,0.030664338,-0.027340397,-0.14876969,-0.06351996,0.050706536,0.019999111,-0.07215988,-0.036851607,0.053735834,-0.004420183,0.029757146,-0.018724823,0.052107677,0.01785066,0.015258539,-0.01975576,0.07677638,-0.023954496,-0.092991985,0.055544976,0.044631924,-0.038218927,-0.0030662052,0.04296352,-0.06522104,0.04893393,0.0067538037,0.03900708,0.04848246,0.0024803525,0.09421473,-0.036285255,-0.0023965298,0.013721651,0.0007404571,0.072507925,0.016132725,-0.014955539,0.009990449,0.03676539,0.038333394,0.0051390743,0.08475726,0.018112622,0.059070207,0.05837679,0.08119057,-0.011033006,-0.0063129636,-0.02676202,-0.07117457,0.07356276,-0.047070462,0.013273712,-0.046189778,-0.03755871,-0.07168509,0.044398427,0.0737713,0.0038958637,0.04258616,-0.10045646,-0.02074341,0.043666176,0.036398675,-0.02988478,0.019917218,0.061545487,-0.026425889,0.11082719,0.036693584,-0.014055319,-0.021330858,0.060022697,-0.046542417,-0.0056459126,0.05483579,-0.015776096,0.0003603829,1.20114496e-32,-0.020029832,0.10079199,-0.018433793,0.0076875137,0.041507628,-0.009114574,0.042934317,0.064055815,-0.10413982,-0.048592724,-0.025370453,0.002787727,-0.07843947,0.046376314,0.07801614,-0.03767982,0.010636562,-0.025378598,-0.055533223,-0.014357259,0.056095008,-0.07537377,0.05210935,0.028704459,0.04855121,0.023948703,0.048593532,-0.05027014,0.06075102,0.019752873,-0.053734094,0.02045307,-0.060596142,0.050247535,-0.027871659,0.03038938,-0.007901314,-0.11917645,-0.04509214,0.039054282,-0.057920676,0.038029265,0.0399445,-0.058293115,-0.050479107,-0.012613193,0.0016994539,0.015430704,0.11346381,-0.0010738866,-0.10494047,0.0061735907,0.051955014,-0.04938379,0.036950782,-0.024703376,0.023694746,0.018288415,0.0045063235,0.07726352,-0.019493401,-0.026830968,-0.043475118,0.053010166,-0.034884315,-0.022097701,0.017380899,0.009165055,0.11823578,0.014652351,-0.041587465,0.008280227,0.098782845,0.05095299,0.004931618,0.012377184,0.0152954515,-0.05526106,0.0138248345,-0.024432037,-0.06978514,0.070540585,0.0003739644,-0.09282236,0.07078668,-0.04672758,-0.015665228,0.010061316,-0.02601136,0.08332185,-0.03786138,-0.006836589,0.062174074,0.11211779,-0.08524696,-1.0878012e-32,-0.09962769,0.037966877,-0.09466743,0.005443778,0.10468763,-0.03254333,-0.028814614,0.021760853,0.032105464,0.01126619,0.020382341,-0.0013913946,0.06301657,0.02847561,-0.020858359,-0.036123704,-0.04914545,-0.026200911,-0.059259012,0.023775494,0.045004558,0.14682183,-0.13463229,-0.0007714016,0.025078202,0.040756073,-0.021706251,0.07534028,-0.0033295492,0.036925755,0.047241535,0.008642721,-0.10073488,0.04569525,-0.0025035997,0.03280583,0.030378789,-0.02997363,0.026294148,0.11208668,0.047195744,-0.04844994,-0.05744486,-0.0059178746,-0.016787734,-0.02190332,-0.057338163,0.018293133,0.024914455,-0.04374394,0.02964256,0.007790282,0.038045757,-0.053896397,0.026095008,-0.016243316,0.03891467,0.009663752,-0.059030037,0.018639036,-0.013498831,-0.015068318,0.15570822,0.029075043,-0.01785351,0.009662381,-0.022294467,0.09872638,-0.08663383,-0.075944595,0.016969325,-0.0149691785,-0.050671447,0.026306551,-0.024292164,-0.012811624,-0.1106598,0.026933912,0.017783636,-0.03869669,-0.021392077,0.03585016,-0.031053046,0.0046035745,0.032548487,0.03426567,0.056656435,-0.04250974,0.09608063,-0.007597651,-0.026330007,0.024192886,0.017872682,0.009352275,0.014475292,-6.385098e-08,0.00464525,-0.024970446,-0.0376572,-0.009986463,0.023353033,-0.025202692,-0.050846796,-0.034007575,-0.02266265,-0.009044898,0.021840043,-0.045575894,-0.011540808,-0.012471157,0.05631534,-0.034959476,-0.06909979,0.011029627,-0.02023496,-0.10274075,0.13130488,-0.016970232,-0.004456144,0.045925003,-0.008459937,-0.07445291,0.00087317376,-0.024445824,-0.016851434,0.05069377,-0.03802878,-0.01936683,0.053401716,-0.002501451,0.063464984,0.07678717,0.014995438,-0.0646285,-0.029101793,0.056149546,-0.013710881,0.006274593,0.020170659,-0.022637047,0.013929034,-0.017672056,-0.0669159,-0.08601561,0.0871562,-0.028934786,-0.07231052,-0.043174565,-0.0117741,0.04672068,0.09362608,0.05821637,-0.050818928,-0.018958863,0.047147017,0.05627886,0.057339482,-0.034041133,-0.0061918735,-0.021288851]	1
2	utions.\nMOINAK MONDAL\nBengaluru | moinak.mondal057@gmail.com | +91 80179 70125\nAGENTIC AI ENGINEER\nJune 2025 - Present\n Full Stack Engineer Intern – TapNex (NexGen FC)\nAssisted in building 4 production-grade platforms (ticketing, registration, restaurant\nmanagement, gaming café) serving users with integrated payment gateways.\nAutomated workflows reducing manual processing by 70% using Python, JavaScript.\nLed development of TapNex Wiki (wiki.tapnex.tech) — a centralized technical documentation hub\nimproving developer onboarding and system transparency.\nPROFESSIONAL EXPERIENCE\nEDUCATION\nADDITIONAL INFORMATION\nTECHNICAL SKILLS\nProgramming Languages: Python, Java, JavaScript, HTML, CSS\nFrameworks: Django,  Node.js, React\nAI & Agentic Systems: LangChain, LangGraph, OpenAI API, Gemini, OpenRouter, Local Models\n(Ollama), RAGPipelines, Semantic Retrieval, Tool Calling, Sequential chains\nDatabases: PostgreSQL, MySQL, MongoDB, Supabase\nTools & Platforms: Git, GitHub, Docker, VS Code, TCP/IP, DNS	[-0.074320026,-0.03680104,-0.0047225063,-0.0101599395,-0.047653373,-0.14954343,0.00011928745,0.08097414,-0.02726923,-0.0004989897,-0.09120067,-0.06945521,0.052001167,0.009224061,0.019558227,0.0059696687,-0.01728292,-0.068048485,-0.0062726936,-0.089827076,0.016194766,-0.059380464,0.05472665,-0.119685635,0.0158957,0.02782262,0.011661203,-0.047598455,0.03213887,-0.057803314,0.018874783,0.15341462,-0.046616968,-0.034236733,-0.032015607,0.09673054,-0.056625966,-0.06884709,-0.013709168,-0.024462447,-0.02235173,-0.024788545,-0.062419016,-0.0382307,0.038377326,-0.024739463,-0.062003527,-0.010177605,0.062268563,0.022576688,-0.10771325,-0.11897608,0.09248259,0.04024808,0.028357975,0.029231714,-0.011901221,-0.07802298,0.043034058,-0.046799544,0.0732497,-0.012822886,-0.0016088553,0.021618223,0.033921946,0.030049792,-0.06179555,0.06634484,0.09573292,-0.08630395,-0.040851723,0.00046674797,-0.0026604678,0.06014853,-0.00882024,-0.05079103,0.0818853,0.004198441,-0.0048806057,-0.02705478,-0.025700316,-0.052462593,-0.01700451,0.069077864,0.011746658,0.036933012,0.078081824,0.086148575,0.03343062,0.0019959612,-0.0064112847,0.067772366,0.051039033,-0.045215756,0.061890114,0.0010021342,0.028355956,-0.021662887,-0.08621553,0.08235222,0.0012037737,-0.041258276,0.025711618,0.032159325,-0.040510524,-0.02233574,0.0054636626,-0.007986077,0.024003917,-0.004706827,-0.043808628,-0.0125117935,-0.017155468,-0.06414851,-0.03639736,0.05648404,-0.028350152,0.014918363,0.06888874,0.01924349,0.04331236,0.07832568,-0.09082817,0.004604288,0.0575213,0.059002224,-0.08585326,9.8039e-33,-0.02371703,0.011483762,-0.08208669,-0.037073653,0.09312151,0.009358658,0.044945493,-0.006000878,-0.107013084,-0.07913761,-0.03779054,0.047188576,-0.061335556,0.061340462,0.05393258,-0.03768998,-0.04832344,0.024241526,-0.012765136,0.042576622,0.056696437,-0.08820342,0.010466074,0.08376541,0.06841416,0.013619666,0.018372072,-0.03378762,0.04824859,-0.0022497892,-0.023258122,-0.042074274,-0.0027792337,-0.01832338,-0.021261498,-0.00421308,-0.046019834,-0.13523589,-0.004817109,-0.024639735,-0.06592919,0.022885019,-0.0067549166,-0.020590853,-0.095449366,-0.015953157,-0.00782312,-0.046425473,0.06679281,0.011672334,-0.08402495,-0.0021171498,0.035632607,-0.021962896,-0.015268408,-0.023533637,0.022455039,-0.034028523,-0.019100629,0.042189658,-0.04880513,-0.012790678,-0.049182482,0.087625876,0.03766449,0.07010525,-0.002793843,0.11644833,0.13544807,0.010094459,-0.11149907,0.033179555,0.04376681,0.050965674,0.007488061,-0.006293559,-0.0408562,-0.089950345,-0.021863258,0.030004056,-0.02011879,0.0141693,-0.0116845835,0.01325881,0.05909337,-0.020324815,0.027476218,-0.032423865,0.03019866,0.044739056,-0.056478277,0.012124583,-0.031566523,0.0298436,-0.107957706,-9.416608e-33,-0.055659983,-0.009102297,-0.08926799,0.08813812,0.049890317,-0.005439433,0.036998138,0.0008539704,0.046666004,-0.029373908,0.07756228,0.064506866,0.022458939,0.014991971,-0.038316358,0.03718131,-0.03368715,-0.07462464,-0.017364578,-0.032838393,-0.032958075,0.085317396,-0.09734572,-0.013700301,-0.04674973,0.020432845,0.008324625,-0.015334999,-0.036324874,-0.017655877,-0.023010083,0.03736392,-0.031940974,0.033748873,0.067657225,0.028053196,0.089514896,0.005028882,0.023748118,0.041240033,0.104249835,-0.07817189,-0.044060312,-0.020536939,-0.08701075,-0.009890898,-0.11496846,0.07080256,-0.07083187,-0.058815543,0.023398379,0.0035204687,0.054369308,-0.056611538,0.003994072,-0.027268585,0.12598185,-0.02929897,-0.022293452,0.020864857,0.044510778,-0.03171055,0.09506296,0.043353703,-0.0060071675,-0.031093398,-0.077701,0.07061214,-0.060656633,-0.04907873,0.00069046183,0.031444196,0.031432897,0.011308622,0.011515414,0.011588785,-0.05273191,-0.014604811,0.004861069,-0.05878067,-0.032393016,0.07760623,0.03497568,0.017230118,0.026691657,0.0430675,-0.0034286473,0.049601104,0.056372013,-0.013679613,-0.06936913,0.024809925,-0.03731624,0.085331716,0.013335689,-6.455014e-08,-0.05296788,0.021688253,-0.034789193,0.008350647,0.004189754,-0.014511755,0.029521931,0.01416624,0.037034743,0.027911637,0.031735476,-0.023345038,-0.05964213,-0.011062609,0.06479841,0.015145696,-0.013814931,0.06557543,-0.024606016,-0.07652066,0.021558069,0.00276304,0.004951582,0.04789996,-0.0038341347,-0.045197036,-0.0028268637,0.03917642,0.025962887,-0.0717903,-0.03813678,0.004908677,0.07149609,-0.056242216,0.032255005,0.0864196,-0.038982697,-0.049756866,0.010646844,0.06996143,-0.01954346,0.011598781,-0.02560073,-0.029480776,-0.014160358,-0.032012854,-0.06497104,-0.06296074,0.10755754,-0.061046205,-0.008211848,0.012902387,0.01412934,0.04619837,0.112273104,0.09796126,-0.06412012,-0.056003828,0.076352865,0.0583139,0.089256406,-0.0036429921,0.0076473267,0.028946912]	1
3	r, Local Models\n(Ollama), RAGPipelines, Semantic Retrieval, Tool Calling, Sequential chains\nDatabases: PostgreSQL, MySQL, MongoDB, Supabase\nTools & Platforms: Git, GitHub, Docker, VS Code, TCP/IP, DNS, GCP\nAutomation & Integration: n8n, REST APIs, API Integration, Webhooks, Prompt Engineering (LLMs)\nData & Analytics: NumPy, Pandas, Matplotlib, Scikit-Learn\nSUMMARY\n Tapnex - Event & Gaming Hub Platform Assistant Developer\n Architected and developed a multi-part SaaS platform including systems for Ticketing \n      (link), Event Registration ( Live link), and Gaming cafe bookings (Live Link). \nDesigned and deployed TapNex Wiki (Link), a centralized technical documentation streamlining\ndeveloper onboarding, product knowledge sharing, and internal process transparency.\nPROJECTS\nFake News Detection Agent\nDeveloped an autonomous AI agent capable of real-time web navigation and automated content\nextraction from live news URLs to evaluate information credibility.\nEngineered a multi-tool reasoni	[-0.07692691,-0.09422039,-0.034963332,-0.035468504,0.008338373,-0.11187568,-0.022798106,0.03700535,0.017386595,0.023509597,-0.044772748,-0.029420247,0.07007236,0.016051091,0.0066822018,0.020392343,0.03906793,-0.042005084,-0.018823331,-0.102703966,0.0013755145,0.0026672324,0.0036339904,-0.06198087,0.0041970587,-0.0022707111,0.023368036,-0.020095127,0.0022224113,-0.032512497,0.03835979,0.06093703,-0.08026022,0.0013954748,0.01070737,0.07947236,0.013866668,-0.060730737,-0.008403437,-0.024294494,0.00013221415,-0.07067365,-0.062102012,-0.028965658,0.01623405,-0.010775985,-0.10497124,-0.0053130495,0.027911916,0.07169401,-0.060356066,-0.13035934,0.0676302,0.035759628,0.008374979,0.069203876,-0.06827734,0.018063324,0.035668015,-0.049915325,0.07434951,-0.017324522,-0.008080955,0.053862568,0.016132455,0.027527964,-0.062691264,0.05184788,0.116434686,-0.109285474,0.007147549,0.013202038,-0.008192977,0.08478528,-0.03992612,-0.035739794,0.060272653,0.015528646,0.025185473,-0.037810367,-0.015279164,0.028209483,0.020768706,0.0600774,0.027764577,0.03587098,0.031678677,0.067483544,0.0033887827,0.0060665733,0.032963064,0.012291099,0.103611164,-0.07253315,0.08306757,-0.020238882,-0.035041995,-0.036287528,-0.027464163,0.078684926,-0.049368232,0.010530401,0.06733777,-0.028841387,-0.022413984,-0.011324208,-0.036783267,-0.0034183976,0.026159003,-0.0015130001,-0.07685309,0.000713041,-0.0064503476,-0.0977415,0.024822472,0.017213373,-0.08486947,0.044265352,0.04658736,-0.049727734,0.010447057,0.037898894,-0.042884294,0.036878694,0.100377545,0.0699895,-0.07172132,4.178875e-33,0.008007974,0.044637833,-0.045940664,-0.03168087,0.08365027,-0.0052390294,0.040079586,0.023492984,-0.07940582,0.0019663938,-0.032972965,0.11972169,-0.08715936,0.014757201,0.11780843,-0.0061884224,-0.06373016,0.06262719,-0.014404629,0.0053756763,0.016378405,-0.092481144,0.04757447,0.06952263,0.09982718,0.0009788204,0.051957183,-0.027877329,0.0897199,-0.0012637243,-0.081113346,-0.02896941,-0.018008469,-0.008637149,-0.015704425,-0.014329309,-0.09735558,-0.16255093,-0.015092755,0.042263582,-0.037411742,0.023032047,-0.014882933,-0.07779735,-0.0968867,-0.0055074138,0.0049614445,-0.0745942,0.051806606,0.013408873,0.008179681,0.014133869,0.058477126,0.014262674,-0.03514446,-0.00952057,0.02040833,-0.07223174,0.05814946,0.0725808,-0.06293794,-0.039247483,-0.016619392,0.0723998,0.013532371,0.011052845,0.06341606,0.07861627,0.087055534,0.02539373,-0.053765994,-0.01026985,0.02397426,0.0038809464,-0.045931235,-0.05473649,-0.094501995,-0.07202298,-0.04059103,0.056199227,-0.008868399,-0.021588154,0.010677306,0.014545268,0.04138708,-0.019895772,-0.0031818226,-0.08864944,-0.0136119425,0.068486005,-0.07493811,0.044494227,-0.05508302,0.07693413,-0.10259267,-3.444367e-33,-0.06493367,-0.063384734,-0.053406782,0.08307456,0.011202468,0.002400594,-0.0081913015,-0.036022402,0.045006078,0.01785504,0.036506865,0.0043683033,0.016518533,-0.0026767042,0.021449778,0.030052798,-0.003057738,-0.12396619,-0.039970025,0.0056175105,0.025822612,0.10336902,-0.053550337,-0.034135133,0.0021609173,0.010536027,0.055315293,-0.009062958,0.03863759,0.006788875,0.006633771,0.011987059,0.0006066653,0.0005160203,0.0126484195,0.027955336,0.13299938,-0.0061151446,0.01145718,-0.003993681,0.13644697,-0.029222906,-0.0267658,-0.02717295,-0.07573686,0.0426784,-0.0876687,0.07658316,-0.08861441,-0.050165948,0.011984694,-0.0004705783,0.028456273,-0.01470835,-0.021875732,-0.014137548,0.0053336136,-0.0194348,-0.05311352,0.0009913436,0.04150379,-0.029641554,0.029469436,0.058032162,0.01940878,-0.021155113,-0.011558533,0.021996789,-0.13944264,-0.038970903,0.055417065,-0.024689814,0.026964525,-0.0063248225,-0.0055670417,-0.016041921,-0.06537614,-0.034624636,0.032268893,-0.083163716,-0.042003185,0.037424393,0.086600795,0.042689335,0.05317648,0.04936728,0.012878333,0.055170227,0.040700823,0.023727931,-0.05304027,-0.011350254,-0.05357079,0.14419562,0.007746797,-5.0841322e-08,-0.0268728,0.015262462,-0.071108855,0.00029972944,-0.016916998,-0.049509868,0.039776266,0.039548196,0.016356708,0.02771104,0.027615068,-0.04572419,-0.1178324,0.012672041,0.060380112,0.0034815227,0.003794201,0.05468345,-0.0067865,-0.060852952,0.07649091,0.039892007,0.02163927,0.019824022,0.034703877,-0.03086457,-0.016549364,0.122842565,0.03566586,-0.02288761,-0.029316299,-0.031368036,0.019465888,-0.046459965,0.047553305,0.050083417,-0.0273209,0.009268798,0.04776718,0.038263343,-0.021426978,0.057858363,-0.015578942,-0.013537592,-0.036685362,-0.016165344,-0.0744815,-0.06853351,0.093463495,-0.003833009,-0.055022765,-0.020187426,0.06431924,0.062014498,0.08084203,0.034484655,0.006642719,-0.07506854,0.07529155,0.049336284,0.08156812,-0.02945522,0.008066712,0.01867235]	1
4	ion Agent\nDeveloped an autonomous AI agent capable of real-time web navigation and automated content\nextraction from live news URLs to evaluate information credibility.\nEngineered a multi-tool reasoning pipeline that orchestrates BERT, LSTM, and SVM models to\nperform cross-validated decision-making on complex text datasets.\nArchitected a self-contained environment using Docker and Nginx to deploy an agentic backend\ncapable of handling asynchronous data fetching and inference.\nImplemented intelligent preprocessing agents that autonomously normalize, clean, and vectorize\nraw web data for high-fidelity Natural Language Processing.	[-0.07874275,-0.029235208,-0.018433506,0.05053794,0.055801418,-0.065141596,-0.017319234,-0.0498077,-0.021508006,0.049019787,-0.011688404,-0.027579054,0.07635942,0.040245876,0.018036567,0.035344236,0.062961884,0.075256325,-0.091682106,-0.0949193,-0.0024927622,0.11055655,-0.006002567,-0.011492288,0.015883435,0.040081296,-0.00979086,-0.045825064,0.059373006,-0.035267595,0.110999614,-0.047717437,-0.0067859795,0.041250743,0.008154659,0.08971431,-0.098603636,-0.026966486,0.0053372965,0.08058481,0.07108852,-0.038011048,-0.07129431,-0.048464153,0.06285816,-0.0031688395,-0.08008361,-0.03885151,0.037859358,0.13710776,-0.16652325,-0.04834519,0.0016292449,0.025831537,-0.10282811,0.05150264,-0.073983796,0.04781132,0.023661382,-0.055636916,0.011536755,-0.078895934,0.078072205,0.04318182,-0.025060315,0.0054491255,-0.07563413,0.030415494,0.038440444,-0.083187036,0.024203928,0.04803404,0.014782279,0.039441228,-0.06211612,-0.037389178,0.0017565086,-0.045880288,0.0437691,-0.018793033,-0.009459846,0.015818974,0.039938148,0.03925151,0.07474819,0.038260717,0.046490327,0.0268262,-0.021650407,-0.00789162,0.033946354,-0.071997024,0.17264354,0.013624766,0.039152578,0.0761258,-0.05533312,-0.06745525,-0.018443834,0.0829326,-0.04138333,0.05538087,0.01187386,-0.02222786,0.044873312,0.0030043593,0.07052606,0.033648785,-0.0022364417,0.014285466,0.011416654,-0.034030788,0.041352723,-0.059934482,0.09421106,-0.013274483,0.033609744,0.023010828,0.057885054,0.0008953898,0.035213694,-0.007435498,0.04068431,0.045091376,0.10278681,0.02102705,0.03174534,1.6534355e-33,-0.017813073,0.025569811,0.020975918,-0.039725874,0.017810278,-0.04717347,-0.03361749,0.015469582,-0.04567781,-0.016829856,0.017758239,0.07394557,-0.04366091,0.010549567,0.0030138858,-0.023549609,-0.07318417,0.06330538,0.011082074,-0.06930907,0.009256682,-0.065563545,0.066083334,0.019833528,0.04007351,0.046030488,0.049501523,-0.014146628,-0.037804134,-0.02501961,-0.030989839,-0.0108932825,-0.029937262,0.005189408,-0.050013937,0.012524693,-0.07775363,-0.0534288,-0.001617458,0.037675627,-0.07295934,-0.02182904,0.026826404,0.0051557007,-0.06776546,-0.027274378,-0.040300973,-0.050863933,0.052093446,-0.014377671,0.033608545,0.012483545,0.05866298,0.038595587,-0.01321698,0.029514335,0.005689024,0.019002551,0.056795053,0.021281429,-0.02994257,-0.028280158,-0.046045773,0.079610944,-0.0038636322,0.014008775,0.048405595,0.09414077,0.10242867,0.001438665,-0.0043508215,-0.0023771657,0.038450107,0.015422596,-0.07158254,-0.011055346,-0.020856986,-0.067611456,0.045753334,0.00043455572,0.016164094,-0.028584357,0.012644825,0.06705488,0.011807096,-0.089889824,-0.016077278,-0.04261529,0.0070861285,0.038704496,-0.035334364,0.056652736,-0.032609664,-0.00023871262,-0.05804747,6.0084862e-36,-0.0661941,-0.012466367,-0.12123055,0.11924294,-0.061904866,-0.040385112,-0.09577786,0.072158985,-0.0042906413,-0.012841282,0.0043538534,-0.03176658,0.025304139,-0.065569125,0.0064344173,0.055001568,0.038464323,-0.068794616,-0.04542672,0.02204096,0.039219506,0.036019176,-0.08038369,-0.007817152,0.019227933,0.041762456,0.07433966,0.02419198,0.020949317,0.040730596,-0.009399707,-0.006321156,-0.022549178,-0.06371388,-0.07006755,0.01039504,0.0036657008,0.03651693,0.015934665,0.026941756,0.09133872,-0.06851001,-0.1093351,-0.08779596,-0.068496235,0.06727261,-0.08439221,0.07138142,0.025796762,-0.015105899,0.015378429,0.015895057,-0.02152619,-0.031996455,-0.048083715,-0.061335135,-0.06538689,0.02851844,-0.05838871,-0.01740113,-0.022845333,0.013291663,0.070360474,-0.034060773,0.0017712225,-0.066580124,-0.08651603,0.036849625,-0.06614293,-0.024216153,0.09532668,-0.05734934,0.0122946035,0.01585558,0.022650927,0.004052263,-0.0020525716,-0.03416863,0.077199705,-0.030448508,0.026601762,0.04659511,0.076184936,0.037194785,0.077534765,0.07176355,-0.03882181,-0.01837811,0.024649078,0.07354661,0.019503716,-0.043327533,-0.02580844,0.056190494,-0.15272191,-3.2591984e-08,-0.0016604463,0.0035391108,0.0040715165,0.073858194,-0.008382133,-0.030281307,0.0057139145,-0.015464964,-0.009831752,-0.061394256,0.027025608,-0.05928531,-0.059922785,0.015973356,0.026306894,0.06277459,-0.03945534,0.027413987,0.026155505,-0.048049424,0.049151927,0.024140436,-0.029249355,0.020580115,0.11553897,0.006768292,-0.050326217,0.062919036,-0.036589216,0.018032882,-0.0070749675,-0.041868508,-0.024078438,0.024867222,0.08519877,0.06846307,-0.0035621226,-0.059515655,-0.071147,-0.060344014,0.0040865457,0.05848106,-0.011901187,-0.040515844,-0.046808004,-0.0034308939,0.0016694149,-0.15158787,0.12955134,-0.029824145,-0.014163652,-0.08037444,0.032461997,0.025347237,0.06307738,-0.010535549,0.0723478,-0.03522334,0.043005634,0.06374643,0.012265409,0.007483101,0.0750022,-0.01431719]	1
5	Certifications:  Introduction To Generative AI, NLP with Real World Projects\nParticipations:  Secured top 10 in 48 hrs CTF organised by MIT, Manipal, Finalist in many\nintra college hackathons (FET CODEWAVE 3.0 Hackathon, Code Relay)\nSolved 50+ Problems in HackerRank\n August 2023 - June 2027\nBachelor of Technology (CSE-AIML)\nJain (Deemed-To-Be) University, Bengaluru, Karnataka\nCGPA: 8.25(Avg) , Class 12th: 75% (CBSE) \nProblem-solving-driven Engineer with strong foundations in Agentic AI Systems, Web Development\nand Full-Stack Development. Experienced in Data Structures & Algorithm building scalable web\nplatforms, LLM-powered applications, optimizing backend logic, and designing clean, efficient\nsystems. Passionate about algorithmic challenges, backend engineering, and performance-driven\nsolutions.\nMOINAK MONDAL\nBengaluru | moinak.mondal057@gmail.com | +91 80179 70125\nAGENTIC AI ENGINEER\nJune 2025 - Present\n Full Stack Engineer Intern – TapNex (NexGen FC)\nAssisted in building 4 productio	[-0.085677676,-0.04372614,-0.018940076,-0.0022423777,-0.041278575,-0.08113441,0.03394807,0.02946354,-0.08106258,0.003204849,-0.06875909,-0.15219839,0.1062023,-0.00060821645,-0.009733496,0.064300165,-0.0099727465,-0.035910644,-0.045498386,-0.11420691,-0.00846692,-0.010246425,-0.054559324,-0.10677484,-0.032094214,0.037550993,0.0145869255,-0.08430844,0.0019090207,-0.082401656,0.029192382,0.068436645,-0.008247478,0.060330756,-0.008597441,0.08179402,-0.081103906,-0.04164513,0.084665224,-0.003062924,-0.04403159,-0.024168368,-0.04771007,-0.06358591,0.016396992,-0.019942323,-0.04962878,-0.05043246,0.030664338,-0.027340397,-0.14876969,-0.06351996,0.050706536,0.019999111,-0.07215988,-0.036851607,0.053735834,-0.004420183,0.029757146,-0.018724823,0.052107677,0.01785066,0.015258539,-0.01975576,0.07677638,-0.023954496,-0.092991985,0.055544976,0.044631924,-0.038218927,-0.0030662052,0.04296352,-0.06522104,0.04893393,0.0067538037,0.03900708,0.04848246,0.0024803525,0.09421473,-0.036285255,-0.0023965298,0.013721651,0.0007404571,0.072507925,0.016132725,-0.014955539,0.009990449,0.03676539,0.038333394,0.0051390743,0.08475726,0.018112622,0.059070207,0.05837679,0.08119057,-0.011033006,-0.0063129636,-0.02676202,-0.07117457,0.07356276,-0.047070462,0.013273712,-0.046189778,-0.03755871,-0.07168509,0.044398427,0.0737713,0.0038958637,0.04258616,-0.10045646,-0.02074341,0.043666176,0.036398675,-0.02988478,0.019917218,0.061545487,-0.026425889,0.11082719,0.036693584,-0.014055319,-0.021330858,0.060022697,-0.046542417,-0.0056459126,0.05483579,-0.015776096,0.0003603829,1.20114496e-32,-0.020029832,0.10079199,-0.018433793,0.0076875137,0.041507628,-0.009114574,0.042934317,0.064055815,-0.10413982,-0.048592724,-0.025370453,0.002787727,-0.07843947,0.046376314,0.07801614,-0.03767982,0.010636562,-0.025378598,-0.055533223,-0.014357259,0.056095008,-0.07537377,0.05210935,0.028704459,0.04855121,0.023948703,0.048593532,-0.05027014,0.06075102,0.019752873,-0.053734094,0.02045307,-0.060596142,0.050247535,-0.027871659,0.03038938,-0.007901314,-0.11917645,-0.04509214,0.039054282,-0.057920676,0.038029265,0.0399445,-0.058293115,-0.050479107,-0.012613193,0.0016994539,0.015430704,0.11346381,-0.0010738866,-0.10494047,0.0061735907,0.051955014,-0.04938379,0.036950782,-0.024703376,0.023694746,0.018288415,0.0045063235,0.07726352,-0.019493401,-0.026830968,-0.043475118,0.053010166,-0.034884315,-0.022097701,0.017380899,0.009165055,0.11823578,0.014652351,-0.041587465,0.008280227,0.098782845,0.05095299,0.004931618,0.012377184,0.0152954515,-0.05526106,0.0138248345,-0.024432037,-0.06978514,0.070540585,0.0003739644,-0.09282236,0.07078668,-0.04672758,-0.015665228,0.010061316,-0.02601136,0.08332185,-0.03786138,-0.006836589,0.062174074,0.11211779,-0.08524696,-1.0878012e-32,-0.09962769,0.037966877,-0.09466743,0.005443778,0.10468763,-0.03254333,-0.028814614,0.021760853,0.032105464,0.01126619,0.020382341,-0.0013913946,0.06301657,0.02847561,-0.020858359,-0.036123704,-0.04914545,-0.026200911,-0.059259012,0.023775494,0.045004558,0.14682183,-0.13463229,-0.0007714016,0.025078202,0.040756073,-0.021706251,0.07534028,-0.0033295492,0.036925755,0.047241535,0.008642721,-0.10073488,0.04569525,-0.0025035997,0.03280583,0.030378789,-0.02997363,0.026294148,0.11208668,0.047195744,-0.04844994,-0.05744486,-0.0059178746,-0.016787734,-0.02190332,-0.057338163,0.018293133,0.024914455,-0.04374394,0.02964256,0.007790282,0.038045757,-0.053896397,0.026095008,-0.016243316,0.03891467,0.009663752,-0.059030037,0.018639036,-0.013498831,-0.015068318,0.15570822,0.029075043,-0.01785351,0.009662381,-0.022294467,0.09872638,-0.08663383,-0.075944595,0.016969325,-0.0149691785,-0.050671447,0.026306551,-0.024292164,-0.012811624,-0.1106598,0.026933912,0.017783636,-0.03869669,-0.021392077,0.03585016,-0.031053046,0.0046035745,0.032548487,0.03426567,0.056656435,-0.04250974,0.09608063,-0.007597651,-0.026330007,0.024192886,0.017872682,0.009352275,0.014475292,-6.385098e-08,0.00464525,-0.024970446,-0.0376572,-0.009986463,0.023353033,-0.025202692,-0.050846796,-0.034007575,-0.02266265,-0.009044898,0.021840043,-0.045575894,-0.011540808,-0.012471157,0.05631534,-0.034959476,-0.06909979,0.011029627,-0.02023496,-0.10274075,0.13130488,-0.016970232,-0.004456144,0.045925003,-0.008459937,-0.07445291,0.00087317376,-0.024445824,-0.016851434,0.05069377,-0.03802878,-0.01936683,0.053401716,-0.002501451,0.063464984,0.07678717,0.014995438,-0.0646285,-0.029101793,0.056149546,-0.013710881,0.006274593,0.020170659,-0.022637047,0.013929034,-0.017672056,-0.0669159,-0.08601561,0.0871562,-0.028934786,-0.07231052,-0.043174565,-0.0117741,0.04672068,0.09362608,0.05821637,-0.050818928,-0.018958863,0.047147017,0.05627886,0.057339482,-0.034041133,-0.0061918735,-0.021288851]	1
6	utions.\nMOINAK MONDAL\nBengaluru | moinak.mondal057@gmail.com | +91 80179 70125\nAGENTIC AI ENGINEER\nJune 2025 - Present\n Full Stack Engineer Intern – TapNex (NexGen FC)\nAssisted in building 4 production-grade platforms (ticketing, registration, restaurant\nmanagement, gaming café) serving users with integrated payment gateways.\nAutomated workflows reducing manual processing by 70% using Python, JavaScript.\nLed development of TapNex Wiki (wiki.tapnex.tech) — a centralized technical documentation hub\nimproving developer onboarding and system transparency.\nPROFESSIONAL EXPERIENCE\nEDUCATION\nADDITIONAL INFORMATION\nTECHNICAL SKILLS\nProgramming Languages: Python, Java, JavaScript, HTML, CSS\nFrameworks: Django,  Node.js, React\nAI & Agentic Systems: LangChain, LangGraph, OpenAI API, Gemini, OpenRouter, Local Models\n(Ollama), RAGPipelines, Semantic Retrieval, Tool Calling, Sequential chains\nDatabases: PostgreSQL, MySQL, MongoDB, Supabase\nTools & Platforms: Git, GitHub, Docker, VS Code, TCP/IP, DNS	[-0.074320026,-0.03680104,-0.0047225063,-0.0101599395,-0.047653373,-0.14954343,0.00011928745,0.08097414,-0.02726923,-0.0004989897,-0.09120067,-0.06945521,0.052001167,0.009224061,0.019558227,0.0059696687,-0.01728292,-0.068048485,-0.0062726936,-0.089827076,0.016194766,-0.059380464,0.05472665,-0.119685635,0.0158957,0.02782262,0.011661203,-0.047598455,0.03213887,-0.057803314,0.018874783,0.15341462,-0.046616968,-0.034236733,-0.032015607,0.09673054,-0.056625966,-0.06884709,-0.013709168,-0.024462447,-0.02235173,-0.024788545,-0.062419016,-0.0382307,0.038377326,-0.024739463,-0.062003527,-0.010177605,0.062268563,0.022576688,-0.10771325,-0.11897608,0.09248259,0.04024808,0.028357975,0.029231714,-0.011901221,-0.07802298,0.043034058,-0.046799544,0.0732497,-0.012822886,-0.0016088553,0.021618223,0.033921946,0.030049792,-0.06179555,0.06634484,0.09573292,-0.08630395,-0.040851723,0.00046674797,-0.0026604678,0.06014853,-0.00882024,-0.05079103,0.0818853,0.004198441,-0.0048806057,-0.02705478,-0.025700316,-0.052462593,-0.01700451,0.069077864,0.011746658,0.036933012,0.078081824,0.086148575,0.03343062,0.0019959612,-0.0064112847,0.067772366,0.051039033,-0.045215756,0.061890114,0.0010021342,0.028355956,-0.021662887,-0.08621553,0.08235222,0.0012037737,-0.041258276,0.025711618,0.032159325,-0.040510524,-0.02233574,0.0054636626,-0.007986077,0.024003917,-0.004706827,-0.043808628,-0.0125117935,-0.017155468,-0.06414851,-0.03639736,0.05648404,-0.028350152,0.014918363,0.06888874,0.01924349,0.04331236,0.07832568,-0.09082817,0.004604288,0.0575213,0.059002224,-0.08585326,9.8039e-33,-0.02371703,0.011483762,-0.08208669,-0.037073653,0.09312151,0.009358658,0.044945493,-0.006000878,-0.107013084,-0.07913761,-0.03779054,0.047188576,-0.061335556,0.061340462,0.05393258,-0.03768998,-0.04832344,0.024241526,-0.012765136,0.042576622,0.056696437,-0.08820342,0.010466074,0.08376541,0.06841416,0.013619666,0.018372072,-0.03378762,0.04824859,-0.0022497892,-0.023258122,-0.042074274,-0.0027792337,-0.01832338,-0.021261498,-0.00421308,-0.046019834,-0.13523589,-0.004817109,-0.024639735,-0.06592919,0.022885019,-0.0067549166,-0.020590853,-0.095449366,-0.015953157,-0.00782312,-0.046425473,0.06679281,0.011672334,-0.08402495,-0.0021171498,0.035632607,-0.021962896,-0.015268408,-0.023533637,0.022455039,-0.034028523,-0.019100629,0.042189658,-0.04880513,-0.012790678,-0.049182482,0.087625876,0.03766449,0.07010525,-0.002793843,0.11644833,0.13544807,0.010094459,-0.11149907,0.033179555,0.04376681,0.050965674,0.007488061,-0.006293559,-0.0408562,-0.089950345,-0.021863258,0.030004056,-0.02011879,0.0141693,-0.0116845835,0.01325881,0.05909337,-0.020324815,0.027476218,-0.032423865,0.03019866,0.044739056,-0.056478277,0.012124583,-0.031566523,0.0298436,-0.107957706,-9.416608e-33,-0.055659983,-0.009102297,-0.08926799,0.08813812,0.049890317,-0.005439433,0.036998138,0.0008539704,0.046666004,-0.029373908,0.07756228,0.064506866,0.022458939,0.014991971,-0.038316358,0.03718131,-0.03368715,-0.07462464,-0.017364578,-0.032838393,-0.032958075,0.085317396,-0.09734572,-0.013700301,-0.04674973,0.020432845,0.008324625,-0.015334999,-0.036324874,-0.017655877,-0.023010083,0.03736392,-0.031940974,0.033748873,0.067657225,0.028053196,0.089514896,0.005028882,0.023748118,0.041240033,0.104249835,-0.07817189,-0.044060312,-0.020536939,-0.08701075,-0.009890898,-0.11496846,0.07080256,-0.07083187,-0.058815543,0.023398379,0.0035204687,0.054369308,-0.056611538,0.003994072,-0.027268585,0.12598185,-0.02929897,-0.022293452,0.020864857,0.044510778,-0.03171055,0.09506296,0.043353703,-0.0060071675,-0.031093398,-0.077701,0.07061214,-0.060656633,-0.04907873,0.00069046183,0.031444196,0.031432897,0.011308622,0.011515414,0.011588785,-0.05273191,-0.014604811,0.004861069,-0.05878067,-0.032393016,0.07760623,0.03497568,0.017230118,0.026691657,0.0430675,-0.0034286473,0.049601104,0.056372013,-0.013679613,-0.06936913,0.024809925,-0.03731624,0.085331716,0.013335689,-6.455014e-08,-0.05296788,0.021688253,-0.034789193,0.008350647,0.004189754,-0.014511755,0.029521931,0.01416624,0.037034743,0.027911637,0.031735476,-0.023345038,-0.05964213,-0.011062609,0.06479841,0.015145696,-0.013814931,0.06557543,-0.024606016,-0.07652066,0.021558069,0.00276304,0.004951582,0.04789996,-0.0038341347,-0.045197036,-0.0028268637,0.03917642,0.025962887,-0.0717903,-0.03813678,0.004908677,0.07149609,-0.056242216,0.032255005,0.0864196,-0.038982697,-0.049756866,0.010646844,0.06996143,-0.01954346,0.011598781,-0.02560073,-0.029480776,-0.014160358,-0.032012854,-0.06497104,-0.06296074,0.10755754,-0.061046205,-0.008211848,0.012902387,0.01412934,0.04619837,0.112273104,0.09796126,-0.06412012,-0.056003828,0.076352865,0.0583139,0.089256406,-0.0036429921,0.0076473267,0.028946912]	1
7	r, Local Models\n(Ollama), RAGPipelines, Semantic Retrieval, Tool Calling, Sequential chains\nDatabases: PostgreSQL, MySQL, MongoDB, Supabase\nTools & Platforms: Git, GitHub, Docker, VS Code, TCP/IP, DNS, GCP\nAutomation & Integration: n8n, REST APIs, API Integration, Webhooks, Prompt Engineering (LLMs)\nData & Analytics: NumPy, Pandas, Matplotlib, Scikit-Learn\nSUMMARY\n Tapnex - Event & Gaming Hub Platform Assistant Developer\n Architected and developed a multi-part SaaS platform including systems for Ticketing \n      (link), Event Registration ( Live link), and Gaming cafe bookings (Live Link). \nDesigned and deployed TapNex Wiki (Link), a centralized technical documentation streamlining\ndeveloper onboarding, product knowledge sharing, and internal process transparency.\nPROJECTS\nFake News Detection Agent\nDeveloped an autonomous AI agent capable of real-time web navigation and automated content\nextraction from live news URLs to evaluate information credibility.\nEngineered a multi-tool reasoni	[-0.07692691,-0.09422039,-0.034963332,-0.035468504,0.008338373,-0.11187568,-0.022798106,0.03700535,0.017386595,0.023509597,-0.044772748,-0.029420247,0.07007236,0.016051091,0.0066822018,0.020392343,0.03906793,-0.042005084,-0.018823331,-0.102703966,0.0013755145,0.0026672324,0.0036339904,-0.06198087,0.0041970587,-0.0022707111,0.023368036,-0.020095127,0.0022224113,-0.032512497,0.03835979,0.06093703,-0.08026022,0.0013954748,0.01070737,0.07947236,0.013866668,-0.060730737,-0.008403437,-0.024294494,0.00013221415,-0.07067365,-0.062102012,-0.028965658,0.01623405,-0.010775985,-0.10497124,-0.0053130495,0.027911916,0.07169401,-0.060356066,-0.13035934,0.0676302,0.035759628,0.008374979,0.069203876,-0.06827734,0.018063324,0.035668015,-0.049915325,0.07434951,-0.017324522,-0.008080955,0.053862568,0.016132455,0.027527964,-0.062691264,0.05184788,0.116434686,-0.109285474,0.007147549,0.013202038,-0.008192977,0.08478528,-0.03992612,-0.035739794,0.060272653,0.015528646,0.025185473,-0.037810367,-0.015279164,0.028209483,0.020768706,0.0600774,0.027764577,0.03587098,0.031678677,0.067483544,0.0033887827,0.0060665733,0.032963064,0.012291099,0.103611164,-0.07253315,0.08306757,-0.020238882,-0.035041995,-0.036287528,-0.027464163,0.078684926,-0.049368232,0.010530401,0.06733777,-0.028841387,-0.022413984,-0.011324208,-0.036783267,-0.0034183976,0.026159003,-0.0015130001,-0.07685309,0.000713041,-0.0064503476,-0.0977415,0.024822472,0.017213373,-0.08486947,0.044265352,0.04658736,-0.049727734,0.010447057,0.037898894,-0.042884294,0.036878694,0.100377545,0.0699895,-0.07172132,4.178875e-33,0.008007974,0.044637833,-0.045940664,-0.03168087,0.08365027,-0.0052390294,0.040079586,0.023492984,-0.07940582,0.0019663938,-0.032972965,0.11972169,-0.08715936,0.014757201,0.11780843,-0.0061884224,-0.06373016,0.06262719,-0.014404629,0.0053756763,0.016378405,-0.092481144,0.04757447,0.06952263,0.09982718,0.0009788204,0.051957183,-0.027877329,0.0897199,-0.0012637243,-0.081113346,-0.02896941,-0.018008469,-0.008637149,-0.015704425,-0.014329309,-0.09735558,-0.16255093,-0.015092755,0.042263582,-0.037411742,0.023032047,-0.014882933,-0.07779735,-0.0968867,-0.0055074138,0.0049614445,-0.0745942,0.051806606,0.013408873,0.008179681,0.014133869,0.058477126,0.014262674,-0.03514446,-0.00952057,0.02040833,-0.07223174,0.05814946,0.0725808,-0.06293794,-0.039247483,-0.016619392,0.0723998,0.013532371,0.011052845,0.06341606,0.07861627,0.087055534,0.02539373,-0.053765994,-0.01026985,0.02397426,0.0038809464,-0.045931235,-0.05473649,-0.094501995,-0.07202298,-0.04059103,0.056199227,-0.008868399,-0.021588154,0.010677306,0.014545268,0.04138708,-0.019895772,-0.0031818226,-0.08864944,-0.0136119425,0.068486005,-0.07493811,0.044494227,-0.05508302,0.07693413,-0.10259267,-3.444367e-33,-0.06493367,-0.063384734,-0.053406782,0.08307456,0.011202468,0.002400594,-0.0081913015,-0.036022402,0.045006078,0.01785504,0.036506865,0.0043683033,0.016518533,-0.0026767042,0.021449778,0.030052798,-0.003057738,-0.12396619,-0.039970025,0.0056175105,0.025822612,0.10336902,-0.053550337,-0.034135133,0.0021609173,0.010536027,0.055315293,-0.009062958,0.03863759,0.006788875,0.006633771,0.011987059,0.0006066653,0.0005160203,0.0126484195,0.027955336,0.13299938,-0.0061151446,0.01145718,-0.003993681,0.13644697,-0.029222906,-0.0267658,-0.02717295,-0.07573686,0.0426784,-0.0876687,0.07658316,-0.08861441,-0.050165948,0.011984694,-0.0004705783,0.028456273,-0.01470835,-0.021875732,-0.014137548,0.0053336136,-0.0194348,-0.05311352,0.0009913436,0.04150379,-0.029641554,0.029469436,0.058032162,0.01940878,-0.021155113,-0.011558533,0.021996789,-0.13944264,-0.038970903,0.055417065,-0.024689814,0.026964525,-0.0063248225,-0.0055670417,-0.016041921,-0.06537614,-0.034624636,0.032268893,-0.083163716,-0.042003185,0.037424393,0.086600795,0.042689335,0.05317648,0.04936728,0.012878333,0.055170227,0.040700823,0.023727931,-0.05304027,-0.011350254,-0.05357079,0.14419562,0.007746797,-5.0841322e-08,-0.0268728,0.015262462,-0.071108855,0.00029972944,-0.016916998,-0.049509868,0.039776266,0.039548196,0.016356708,0.02771104,0.027615068,-0.04572419,-0.1178324,0.012672041,0.060380112,0.0034815227,0.003794201,0.05468345,-0.0067865,-0.060852952,0.07649091,0.039892007,0.02163927,0.019824022,0.034703877,-0.03086457,-0.016549364,0.122842565,0.03566586,-0.02288761,-0.029316299,-0.031368036,0.019465888,-0.046459965,0.047553305,0.050083417,-0.0273209,0.009268798,0.04776718,0.038263343,-0.021426978,0.057858363,-0.015578942,-0.013537592,-0.036685362,-0.016165344,-0.0744815,-0.06853351,0.093463495,-0.003833009,-0.055022765,-0.020187426,0.06431924,0.062014498,0.08084203,0.034484655,0.006642719,-0.07506854,0.07529155,0.049336284,0.08156812,-0.02945522,0.008066712,0.01867235]	1
8	ion Agent\nDeveloped an autonomous AI agent capable of real-time web navigation and automated content\nextraction from live news URLs to evaluate information credibility.\nEngineered a multi-tool reasoning pipeline that orchestrates BERT, LSTM, and SVM models to\nperform cross-validated decision-making on complex text datasets.\nArchitected a self-contained environment using Docker and Nginx to deploy an agentic backend\ncapable of handling asynchronous data fetching and inference.\nImplemented intelligent preprocessing agents that autonomously normalize, clean, and vectorize\nraw web data for high-fidelity Natural Language Processing.	[-0.07874275,-0.029235208,-0.018433506,0.05053794,0.055801418,-0.065141596,-0.017319234,-0.0498077,-0.021508006,0.049019787,-0.011688404,-0.027579054,0.07635942,0.040245876,0.018036567,0.035344236,0.062961884,0.075256325,-0.091682106,-0.0949193,-0.0024927622,0.11055655,-0.006002567,-0.011492288,0.015883435,0.040081296,-0.00979086,-0.045825064,0.059373006,-0.035267595,0.110999614,-0.047717437,-0.0067859795,0.041250743,0.008154659,0.08971431,-0.098603636,-0.026966486,0.0053372965,0.08058481,0.07108852,-0.038011048,-0.07129431,-0.048464153,0.06285816,-0.0031688395,-0.08008361,-0.03885151,0.037859358,0.13710776,-0.16652325,-0.04834519,0.0016292449,0.025831537,-0.10282811,0.05150264,-0.073983796,0.04781132,0.023661382,-0.055636916,0.011536755,-0.078895934,0.078072205,0.04318182,-0.025060315,0.0054491255,-0.07563413,0.030415494,0.038440444,-0.083187036,0.024203928,0.04803404,0.014782279,0.039441228,-0.06211612,-0.037389178,0.0017565086,-0.045880288,0.0437691,-0.018793033,-0.009459846,0.015818974,0.039938148,0.03925151,0.07474819,0.038260717,0.046490327,0.0268262,-0.021650407,-0.00789162,0.033946354,-0.071997024,0.17264354,0.013624766,0.039152578,0.0761258,-0.05533312,-0.06745525,-0.018443834,0.0829326,-0.04138333,0.05538087,0.01187386,-0.02222786,0.044873312,0.0030043593,0.07052606,0.033648785,-0.0022364417,0.014285466,0.011416654,-0.034030788,0.041352723,-0.059934482,0.09421106,-0.013274483,0.033609744,0.023010828,0.057885054,0.0008953898,0.035213694,-0.007435498,0.04068431,0.045091376,0.10278681,0.02102705,0.03174534,1.6534355e-33,-0.017813073,0.025569811,0.020975918,-0.039725874,0.017810278,-0.04717347,-0.03361749,0.015469582,-0.04567781,-0.016829856,0.017758239,0.07394557,-0.04366091,0.010549567,0.0030138858,-0.023549609,-0.07318417,0.06330538,0.011082074,-0.06930907,0.009256682,-0.065563545,0.066083334,0.019833528,0.04007351,0.046030488,0.049501523,-0.014146628,-0.037804134,-0.02501961,-0.030989839,-0.0108932825,-0.029937262,0.005189408,-0.050013937,0.012524693,-0.07775363,-0.0534288,-0.001617458,0.037675627,-0.07295934,-0.02182904,0.026826404,0.0051557007,-0.06776546,-0.027274378,-0.040300973,-0.050863933,0.052093446,-0.014377671,0.033608545,0.012483545,0.05866298,0.038595587,-0.01321698,0.029514335,0.005689024,0.019002551,0.056795053,0.021281429,-0.02994257,-0.028280158,-0.046045773,0.079610944,-0.0038636322,0.014008775,0.048405595,0.09414077,0.10242867,0.001438665,-0.0043508215,-0.0023771657,0.038450107,0.015422596,-0.07158254,-0.011055346,-0.020856986,-0.067611456,0.045753334,0.00043455572,0.016164094,-0.028584357,0.012644825,0.06705488,0.011807096,-0.089889824,-0.016077278,-0.04261529,0.0070861285,0.038704496,-0.035334364,0.056652736,-0.032609664,-0.00023871262,-0.05804747,6.0084862e-36,-0.0661941,-0.012466367,-0.12123055,0.11924294,-0.061904866,-0.040385112,-0.09577786,0.072158985,-0.0042906413,-0.012841282,0.0043538534,-0.03176658,0.025304139,-0.065569125,0.0064344173,0.055001568,0.038464323,-0.068794616,-0.04542672,0.02204096,0.039219506,0.036019176,-0.08038369,-0.007817152,0.019227933,0.041762456,0.07433966,0.02419198,0.020949317,0.040730596,-0.009399707,-0.006321156,-0.022549178,-0.06371388,-0.07006755,0.01039504,0.0036657008,0.03651693,0.015934665,0.026941756,0.09133872,-0.06851001,-0.1093351,-0.08779596,-0.068496235,0.06727261,-0.08439221,0.07138142,0.025796762,-0.015105899,0.015378429,0.015895057,-0.02152619,-0.031996455,-0.048083715,-0.061335135,-0.06538689,0.02851844,-0.05838871,-0.01740113,-0.022845333,0.013291663,0.070360474,-0.034060773,0.0017712225,-0.066580124,-0.08651603,0.036849625,-0.06614293,-0.024216153,0.09532668,-0.05734934,0.0122946035,0.01585558,0.022650927,0.004052263,-0.0020525716,-0.03416863,0.077199705,-0.030448508,0.026601762,0.04659511,0.076184936,0.037194785,0.077534765,0.07176355,-0.03882181,-0.01837811,0.024649078,0.07354661,0.019503716,-0.043327533,-0.02580844,0.056190494,-0.15272191,-3.2591984e-08,-0.0016604463,0.0035391108,0.0040715165,0.073858194,-0.008382133,-0.030281307,0.0057139145,-0.015464964,-0.009831752,-0.061394256,0.027025608,-0.05928531,-0.059922785,0.015973356,0.026306894,0.06277459,-0.03945534,0.027413987,0.026155505,-0.048049424,0.049151927,0.024140436,-0.029249355,0.020580115,0.11553897,0.006768292,-0.050326217,0.062919036,-0.036589216,0.018032882,-0.0070749675,-0.041868508,-0.024078438,0.024867222,0.08519877,0.06846307,-0.0035621226,-0.059515655,-0.071147,-0.060344014,0.0040865457,0.05848106,-0.011901187,-0.040515844,-0.046808004,-0.0034308939,0.0016694149,-0.15158787,0.12955134,-0.029824145,-0.014163652,-0.08037444,0.032461997,0.025347237,0.06307738,-0.010535549,0.0723478,-0.03522334,0.043005634,0.06374643,0.012265409,0.007483101,0.0750022,-0.01431719]	1
9	Certifications:  Introduction To Generative AI, NLP with Real World Projects\nParticipations:  Secured top 10 in 48 hrs CTF organised by MIT, Manipal, Finalist in many\nintra college hackathons (FET CODEWAVE 3.0 Hackathon, Code Relay)\nSolved 50+ Problems in HackerRank\n August 2023 - June 2027\nBachelor of Technology (CSE-AIML)\nJain (Deemed-To-Be) University, Bengaluru, Karnataka\nCGPA: 8.25(Avg) , Class 12th: 75% (CBSE) \nMOINAK MONDAL\nBengaluru | moinak.mondal057@gmail.com | +91 80179 70125\nAGENTIC AI ENGINEER\nJune 2025 - Present\n Full Stack Engineer Intern – TapNex (NexGen FC)\nAssisted in building 4 production-grade platforms (ticketing, registration, restaurant\nmanagement, gaming café) serving users with integrated payment gateways.\nLed development of TapNex Wiki (wiki.tapnex.tech) — a centralized technical documentation hub\nimproving developer onboarding and system transparency.\nPROFESSIONAL EXPERIENCE\nEDUCATION\nADDITIONAL INFORMATION\nTECHNICAL SKILLS\nProgramming Languages: Python, Java	[-0.08580805,-0.063313976,0.018250031,-0.0028579037,-0.07761925,-0.07205753,0.021990653,0.07379654,-0.055544257,-0.015539925,-0.07158215,-0.092408516,0.09240934,0.0046861535,-0.013531599,-0.025118956,-0.019178053,-0.084052496,-0.010120843,-0.12313901,-0.012401897,-0.072147004,-0.011506854,-0.16259836,0.01955323,0.0014335266,0.018944772,-0.06345254,0.031077337,-0.06689789,0.01985883,0.1254883,-0.03678515,0.016592395,-0.027702723,0.041570477,-0.043095592,-0.036643066,0.06272186,-0.006985958,-0.045627262,-0.040151414,-0.071179494,-0.02699262,0.02291682,-0.035422813,-0.05490025,-0.047704335,0.002843985,0.02568606,-0.10647695,-0.07171794,0.09827948,0.04005171,-0.036572043,-0.046903376,0.029747734,-0.022579366,0.052367505,-0.055322457,0.066286206,0.014168759,-0.021778028,0.011188684,0.036318872,-0.00071484124,-0.069383964,0.09461498,0.08542117,-0.08083446,-0.0252046,0.0015607798,-0.035767175,0.06416347,0.023376923,0.007932736,0.052002575,0.009832988,0.051588103,-0.045982037,0.02133773,0.022755641,0.0041785403,0.08394162,-0.0019767745,0.038047377,0.046209287,0.0614659,0.009897063,0.016845405,0.051446192,0.030418478,0.05336746,0.0052400935,0.059863105,-0.026288679,-0.021406475,-0.043959174,-0.032491215,0.061094135,-0.03870827,0.013686368,0.002823319,-0.04692032,-0.08521365,0.024237847,0.046868347,0.0069703492,0.06250596,-0.06188419,-0.055067256,0.048215747,-0.028146656,-0.06342044,-0.027135571,0.0986435,-0.018352197,0.09577916,0.07914071,0.0056856414,-0.004039412,0.07170668,-0.08825217,0.0039955457,0.045221355,0.036821656,-0.0522872,1.19368204e-32,-0.03617798,0.10992614,-0.10912815,0.0040598316,0.039174102,-0.010248304,0.0548881,0.025094356,-0.122939855,-0.049658038,-0.01619254,0.008632188,-0.070557065,0.0379307,0.07406744,-0.011602529,-0.028330881,-0.0072571337,-0.0535402,0.046926744,0.058491085,-0.09834254,0.07199149,0.012421901,0.0523396,0.014817126,0.0075336657,9.5203075e-05,0.07156459,0.002538047,-0.018730255,-0.03476703,-0.019238342,0.03105913,0.0015505869,0.027375987,0.02977715,-0.15366565,0.0029756238,-0.0017370245,-0.05869577,0.06257688,0.019243931,-0.058307998,-0.007883202,0.025007986,-0.006319834,-0.031232946,0.08857806,0.028556097,-0.08679144,0.03943721,0.03535606,-0.029120797,0.016682392,-0.035315335,0.035954945,-0.009855229,0.016340053,0.056160312,-0.03253327,-0.036928695,-0.06787985,0.060651567,-0.03871648,0.009001499,0.042094283,0.032982633,0.11839748,-0.008214759,-0.093109846,0.0038214168,0.03380691,0.04059518,-0.010833422,0.009974201,-0.022382269,-0.06595419,0.009633235,0.010675925,-0.053140026,0.02768537,0.0070054485,-0.040897053,0.08070777,-0.033768013,0.03789852,-0.0059871734,0.012598614,0.070249766,-0.03712197,0.009166926,-0.0020989631,0.09465308,-0.088272244,-1.0823887e-32,-0.08160357,0.0495821,-0.11346555,0.02452863,0.050235458,0.012012761,0.016445475,0.0007943624,0.0375487,0.0038529984,0.07533986,0.02026878,0.03779902,0.04211844,0.0025223342,-0.031785898,-0.025672134,-0.010655418,-0.05120336,0.009731044,0.032437153,0.101198316,-0.12080539,0.031589985,0.0038180156,0.059795175,-0.01831454,0.049316783,-0.05443869,0.025002334,0.030990059,0.020399112,-0.06682912,0.055794064,0.03001099,0.0019683405,0.11200203,-0.019552458,0.018021489,0.07407623,0.07092756,-0.04427094,-0.06349455,0.015824944,-0.072762825,-0.02799052,-0.0375894,0.018327005,-0.03563948,-0.039739843,0.037232075,0.011192299,0.04774712,-0.040491223,0.020534841,0.001907678,0.07982369,-0.015669953,-0.06292928,0.021499189,0.036816154,0.021742634,0.1408101,0.038278747,-0.0033005998,-0.020148171,-0.021007013,0.12612031,-0.10839948,-0.05144657,-0.012066077,0.024328541,-0.01402024,-0.014775669,-0.044994853,-0.022215636,-0.058322463,0.018971585,-0.013734046,-0.05839882,-0.015319596,0.053897418,-0.003327667,0.002244513,0.06274415,0.061625585,0.02980362,-0.044562068,0.08139832,-0.04344357,-0.06257722,0.020664308,-0.011889379,0.047947098,0.04723529,-6.257758e-08,-0.010127849,-0.01525583,-0.09798233,0.0035576648,-0.0011112232,-0.059103407,-0.06778819,-0.026226275,-0.024750823,0.03922534,0.032966513,-0.05588894,-0.063286,-0.027355472,0.067670785,-0.0217156,-0.0772767,0.05187886,-0.04042522,-0.04973944,0.09494782,0.0046809963,0.0056985477,0.050118607,-0.01594593,-0.053658564,0.022358755,-0.007626503,0.036575887,-0.009250763,-0.0404189,0.0031609905,0.05652759,-0.036841754,0.012453006,0.0783606,0.020306788,-0.015290773,0.029513534,0.0628128,-0.04288031,-0.0057598893,-0.011623174,-0.025095789,-0.028655881,-0.03284897,-0.09355236,-0.09348903,0.10919417,-0.04353145,-0.055895675,-0.010334236,0.0037995193,0.042783115,0.06084937,0.07901972,-0.10251117,-0.012673539,0.04641471,0.034594756,0.03437067,-0.055214953,0.02145277,0.0033540183]	2
10	alized technical documentation hub\nimproving developer onboarding and system transparency.\nPROFESSIONAL EXPERIENCE\nEDUCATION\nADDITIONAL INFORMATION\nTECHNICAL SKILLS\nProgramming Languages: Python, Java, JavaScript, HTML, CSS\nFrameworks: Django,  Node.js, React\nAI & Agentic Systems: LangChain, LangGraph, OpenAI API, Gemini, OpenRouter, Local Models\n(Ollama), RAGPipelines, Semantic Retrieval, Tool Calling, Sequential chains\nDatabases: PostgreSQL, MySQL, MongoDB, Supabase\nTools & Platforms: Git, GitHub, Docker, VS Code, TCP/IP, DNS, GCP\nAutomation & Integration: n8n, REST APIs, API Integration, Webhooks, Prompt Engineering (LLMs)\nData & Analytics: NumPy, Pandas, Matplotlib, Scikit-Learn\nRAG-Based Document Intelligence System\n Architected a high-performance RAG pipeline using Django and pgvector to enable native\nsemantic search and real-time contextual questioning over PDF datasets.\nImplemented a Mixture of Agents (MoA) orchestration layer to synthesize responses from\nmultiple LLM providers	[-0.042240553,-0.0663503,-0.051845785,0.030237997,0.021314247,-0.09965506,-0.06972761,0.06100851,-0.0404923,-0.025355574,-0.06752813,-0.027351383,0.04385394,-0.013103311,0.055987608,0.06104793,0.12603001,-0.0086404085,0.028761683,-0.102136865,-0.04792879,0.03442004,0.015781425,-0.04632905,-0.0021411923,0.010963806,-0.013356744,-0.075867884,-0.025874972,-0.038573474,-0.008266216,0.059546977,-0.04724603,0.083157554,-0.02043768,0.09979522,0.043948624,-0.039297633,-0.0034216067,-0.030225743,-0.036269557,-0.05431754,-0.058723457,-0.04924382,0.062213145,-0.08129745,-0.077100314,-0.08027287,0.029652193,0.02314737,-0.12804645,-0.12398581,-0.019968338,0.018305313,-0.016162664,0.06005451,0.03663752,-0.017079186,-0.036095474,-0.05818565,-0.056181595,-0.03595328,-0.0022230514,0.08123285,0.0056800856,-0.0072906185,-0.023468304,0.052516274,0.11056241,-0.10316194,-0.0523981,0.009644582,-0.016779596,0.027340025,-0.06397433,0.0035985343,0.033213425,0.010409502,0.09112891,-0.09603146,-0.010387741,0.041315068,-0.0395714,0.09498229,-0.07609463,0.025221962,0.023160392,0.10672371,0.020205935,0.012326353,0.05726026,-0.054342907,0.05420522,0.011974997,0.04662848,0.03398288,0.058541134,-0.073191874,0.0051332866,0.0637955,-0.0057044574,-0.0062598772,0.062583245,-0.051478766,-0.13359268,0.054861654,0.0015238315,0.02339887,0.024145508,-0.01519758,-0.03292888,0.013335162,-0.050127633,-0.077342756,0.01041119,0.05661839,-0.009058892,0.0029723004,0.02501593,0.06540631,0.004313707,0.10617447,-0.022100868,-0.030895652,0.08406521,0.046635572,-0.06148817,5.6195415e-33,0.041393414,0.0068924488,-0.0075302855,0.0006075307,0.10608885,0.009166159,0.049170196,0.0713222,-0.10862454,-0.05355543,-0.03255451,0.1382688,-0.0578742,0.037079304,0.05931509,-0.082911305,-0.08927858,0.0751505,0.022037663,0.03112843,-0.014334728,-0.023350427,0.025885507,0.06143347,0.08108845,0.005565005,0.0115893,-0.0070707374,0.011640913,0.013889165,-0.055705626,-0.018086156,-0.06260517,0.021224642,-0.041612457,-0.010555795,-0.08593159,-0.11705447,0.0071429973,0.0040782792,-0.087058105,0.046158582,0.0009548209,-0.044148188,-0.03711221,-0.017979978,0.010714502,0.003689195,0.07787902,0.008348771,-0.008476458,-0.011949318,0.03358218,0.016943997,0.0022945849,0.005432468,0.07655773,-0.0503912,0.022368848,0.03969577,-0.07716922,0.0055948575,-0.0051310486,0.040825777,0.031155162,-0.007071385,0.013864433,0.11646628,0.1118459,0.030067815,-0.02376034,0.0102671385,0.05009641,0.048244115,-0.0074685994,-0.061069608,-0.054699775,-0.06745238,0.006337703,0.0016354083,-0.007121928,0.015032634,-0.018545063,-0.026177999,0.03052,0.040299736,-0.03839195,0.015061703,0.0020356516,0.031182092,-0.055342283,0.02372696,-0.010628549,0.031595085,-0.053193197,-5.9352807e-33,-0.047546197,-0.07896346,-0.040031303,0.10896462,0.05529003,-0.0060170367,0.01357875,-0.02077174,-0.007879593,-0.046864722,0.012524577,0.017992817,0.05177401,-0.015183886,-0.033832178,-0.011144755,-0.07975975,-0.08455305,0.0063562826,0.015893226,-0.035240132,0.101273544,-0.07118213,-0.008875637,0.02571955,-0.010370284,-0.08194745,-0.03837338,0.03515269,0.05785834,0.038416363,0.016737426,-0.03889075,0.002837454,0.027789084,0.02704145,0.0398083,0.039260477,-0.027680932,0.007187909,0.067284815,-0.043948695,-0.04385146,-0.014626952,-0.070166826,0.04628405,-0.12599203,0.050216403,-0.014377806,-0.069133654,-0.05688835,-0.0018899874,0.0051343758,-0.067940965,-0.02181618,-0.01214994,0.054686826,-0.026021333,-0.05151616,-0.007807432,0.041772094,0.0013141248,0.0806357,0.0012721984,-0.007316687,-0.031698298,-0.0535472,0.03857383,-0.1400347,-0.06001886,0.03672559,-0.02533817,-0.008547735,-0.0039807097,0.037420854,0.012331827,-0.048481546,-0.05687836,-0.021408783,0.015332468,0.0012780534,0.043473724,0.045764927,0.07184001,0.0002460236,0.041101083,-0.007562845,0.055124164,0.02584697,-0.004790908,-0.0832146,0.029344955,-0.037488613,0.067768395,-0.018590275,-5.6194356e-08,-0.047699835,0.003198686,-0.011366153,0.026595492,-0.027187971,-0.008318475,0.012018874,0.11469184,0.01919836,0.03734828,0.048382074,-0.046637505,-0.08881948,0.02501718,0.101874806,0.045190476,0.0133211,0.035926178,-0.040230837,-0.12434394,0.07205673,0.021397872,-0.019805955,0.037881963,0.032124,-0.023764629,-0.031624675,0.093551524,0.06051025,-0.0009209754,-0.0045772796,-0.06580976,-9.4130126e-05,-0.06496367,0.07572895,0.010265444,0.013136539,-0.062327452,0.060874596,0.03792626,-0.04133066,0.03344809,0.03076942,-0.009582956,0.031602398,-0.021323685,-0.11270268,-0.044013992,0.04539738,-0.008553857,-0.026808199,-0.067704424,-0.021902373,0.0883081,0.10638876,0.053312585,-0.023789333,-0.059928346,0.05677385,0.047124583,0.033347245,-0.022069337,0.045781214,0.027447201]	2
11	r to enable native\nsemantic search and real-time contextual questioning over PDF datasets.\nImplemented a Mixture of Agents (MoA) orchestration layer to synthesize responses from\nmultiple LLM providers, maximizing reasoning depth and response accuracy.\nOptimized vector retrieval by implementing Cosine Distance similarity searches within the\nPostgreSQL ORM, significantly reducing query latency for high-dimensional embeddings.\nPROJECTS\nFake News Detection Agent\nDeveloped an autonomous AI agent utilizing Tavily API for real-time web navigation and evidence\ncollection, extracting automated content from live news URLs to evaluate information credibility.\nEngineered a multi-tool reasoning pipeline that orchestrates BERT, LSTM, and SVM models to\nperform cross-validated decision-making on complex text datasets.\nArchitected a self-contained environment using Docker and Nginx to deploy an agentic backend\ncapable of handling asynchronous data fetching and inference.\nImplemented intelligent preproc	[-0.07392692,-0.072138846,-0.07081028,0.046468146,0.04998689,-0.029997908,-0.04123038,0.0034183196,-0.011724509,-0.021172978,-0.0067306007,-0.076455474,0.06330614,0.03475029,0.014666989,0.03598347,0.1287851,0.03340327,-0.046271853,-0.047598146,-0.047840696,0.07489494,0.041557133,-0.032418396,-0.0041749696,-0.0067684455,-0.043732416,-0.092173904,0.008266852,-0.0051100953,0.15115334,0.027197136,-0.06298235,0.10247326,-0.006398181,0.07384088,-0.012361635,-0.050767627,0.030555947,0.052648906,-0.0004913468,-0.044250533,-0.042952213,-0.025872434,0.027784007,-0.032150604,-0.07069626,0.008715783,0.08156221,0.09426645,-0.17900132,-0.053338543,-0.024477005,0.022577157,-0.06991785,0.042637322,-0.054689795,0.07077437,-0.0082441885,-0.05914895,-0.025640855,-0.120520696,0.05655177,0.0916891,-0.06386761,0.01959356,-0.056910347,0.0074518467,0.05993501,-0.0942767,0.0206005,0.10363781,-0.010157732,0.028179986,-0.0933154,0.03981546,0.026003968,-0.025587466,0.08391833,-0.07051243,0.0038704842,0.038721267,0.01018685,0.032848388,0.09155217,0.025684586,0.055960238,0.03500768,-0.010363284,0.005046154,0.035114568,-0.07192376,0.08926546,0.010020399,0.056842152,0.06099984,-0.01816611,-0.060381986,-0.0073108883,0.06914672,-0.04764292,0.04137919,0.028541531,-0.06147584,-0.014065341,0.011025575,0.026419701,0.010204711,0.044571865,-0.0698376,0.012226734,-0.009836381,0.081471436,-0.059041977,0.050525058,0.0012407834,0.040992144,0.0071197115,0.030691015,-0.015906565,-0.010639034,0.043505665,0.0064838235,0.017041065,0.08095221,0.00010800971,-0.027579436,4.1856084e-33,0.0075335875,0.021999784,0.058258314,-0.036746245,0.03279692,-0.028988449,0.036248904,0.082175225,-0.022982286,-0.035119247,-0.03511322,0.065225855,-0.090281144,0.004578882,0.0073083495,-0.0081094615,-0.09146468,0.030283252,-0.029335734,-0.074426375,-0.0049412055,-0.095922105,0.0481436,0.037312075,0.059183784,0.016906068,0.073034644,-0.0544067,0.0024635848,-0.0144660175,-0.11508512,-0.002909108,-0.031201983,0.042157654,-0.0010128927,0.009868799,-0.10577198,-0.073932804,-0.039075535,0.07276881,-0.0761779,-0.008033918,0.0327659,0.009669944,-0.070217654,-0.038774814,-0.0438489,-0.022293903,0.04329835,-0.0043254565,0.064940184,0.040934987,0.014678906,0.01280441,0.022470694,-0.005006284,-0.0035206592,0.037958845,0.08518193,0.04208422,-0.028243044,-0.03213173,0.012063129,0.08998371,-0.036605515,-0.016218973,-0.000557602,0.07376681,0.12953143,0.04278522,0.05746011,-0.024989054,0.071743876,0.040456288,-0.014577461,-0.0015856333,-0.024284584,-0.08176248,0.05310125,0.00699664,0.051653117,-0.023279557,0.0037870477,0.00657275,0.0002387459,-0.08590526,-0.013183171,-0.10028993,-0.0064590313,0.027164044,-0.04865838,0.03710791,-0.017797073,-0.019316383,-0.043828677,-2.3013544e-33,-0.07668911,-0.063551575,-0.08845653,0.07986663,-0.048612013,-0.025820622,-0.036347535,0.045498922,0.020762505,0.008807965,-0.034750942,-0.04820386,0.050769117,-0.058215022,0.008852258,0.040496588,0.04093256,-0.06561923,-0.07948601,0.052494787,0.022167295,0.048485894,-0.073228136,0.034648404,-0.0024167763,0.06841777,0.045647718,-0.0037506702,0.01227349,0.0066913147,-0.013385845,-0.005826137,-0.02733734,-0.021336516,-0.070326425,0.0552762,0.052057326,-0.010318326,-0.014935038,0.030566812,0.08211121,-0.047234815,-0.07401283,-0.056394797,-0.06498513,0.07315789,-0.10332037,0.008210545,0.017546767,-0.02547133,-0.03743066,0.008152303,-0.03602874,-0.037379146,-0.0068329633,-0.082684755,-0.10399182,0.0019294576,-0.040982824,-0.0262046,0.0068760985,0.0038677757,0.090120725,-0.027011152,0.021293448,-0.031845428,-0.065583326,0.033055827,-0.078577295,0.025382446,0.0692811,-0.059888102,0.010473739,-0.011719213,0.040058903,0.012673751,-0.040661275,-0.06101366,0.06710059,0.0020158284,-0.0025409001,0.011621694,0.07727575,0.10650879,0.04526713,0.09119273,0.029753175,0.04415824,0.038716312,0.08483377,0.025626348,-0.017386356,-0.008463513,0.057126116,-0.028981233,-3.957382e-08,-0.0033805764,0.038151667,-0.0030135703,0.057035554,0.009728488,-0.045206126,0.0062138475,0.031722702,-0.05078505,-0.044142522,0.052301735,-0.08074126,-0.026454993,-0.00063473184,0.035851482,0.019352194,-0.013502267,-0.028379023,0.0073251375,-0.053558428,0.08528712,0.05162144,-0.031946186,0.07881364,0.109289594,-0.027642166,-0.044906706,0.11972998,0.030264968,0.04235384,-0.026498213,-0.048319608,-0.06830905,-0.009662564,0.061517496,0.05510362,0.03936046,-0.014617261,-0.04801659,-0.030524017,-0.006377808,0.056491822,-0.0010597641,-0.0076551717,-0.0144574335,0.0024564376,-0.01783328,-0.12770367,0.08344128,-0.0050225616,-0.010009714,-0.060747605,-0.014735361,0.10353068,0.047211215,-0.048431687,0.017670725,-0.015615823,0.011972212,0.017528381,0.004307562,-0.020597972,0.056251414,0.041997097]	2
12	ext datasets.\nArchitected a self-contained environment using Docker and Nginx to deploy an agentic backend\ncapable of handling asynchronous data fetching and inference.\nImplemented intelligent preprocessing agents that autonomously normalize, clean, and vectorize\nraw web data for high-fidelity Natural Language Processing.\nAI Engineer Intern – Sole-arium Technologies\nMarch 2026 - Present\nWorking on machine learning and computer vision models to analyze data and build intelligent\nsystems that enhance product functionality and user experience.\nAssisting in implementing and integrating technical solutions, automating internal processes, and\ntroubleshooting system components across the company’s digital infrastructure.	[-0.056246582,-0.011217244,0.010654319,0.019394286,0.046015564,-0.105135314,-0.012539283,-0.025497248,-0.053318534,-0.019792458,-0.03421292,-0.049097743,0.03377264,-0.02671689,0.033914413,0.040322322,0.053816263,0.0036225228,-0.049112033,-0.0946704,-0.04193633,0.070163466,-0.012772131,-0.042208865,-0.0069751954,0.10466314,-0.0034891902,-0.072232194,0.03150412,-0.06675992,0.03429671,-0.012457944,0.008846637,0.08610734,-0.020406399,0.09844656,-0.020753046,0.0035289503,0.020800697,-0.053152207,-0.0048742476,-0.001031457,-0.09894604,-0.049027372,0.066785224,-0.043035205,-0.09177942,-0.07446446,0.04188998,0.043064516,-0.16544646,-0.0998887,0.0063455063,0.03921158,-0.07254485,0.05943482,0.017866166,0.014128302,-0.0029823638,0.0023180088,0.03270249,-0.07706871,0.051580384,0.019200679,0.019261027,0.011600045,-0.043732382,0.005756621,0.041810934,-0.13803044,-0.008473194,0.06023166,-0.041533824,0.040322643,-0.07875647,0.061442688,-0.032275062,-0.02964806,0.024617214,-0.03717377,-0.0028236737,0.02593578,-0.028436977,0.0854693,0.04725865,0.0009795614,0.013997533,0.07478292,0.009009441,0.011997802,-0.001549232,-0.0781119,0.0756992,0.018998424,0.06963751,0.092567325,-0.05172145,-0.09154616,-0.05599902,0.07173596,-0.054005194,0.0450334,0.04557378,-0.010212211,-0.041568372,-0.045289982,0.0977221,0.03048479,0.03861865,-0.10825192,-0.015609866,-0.08420955,-0.0072059864,-0.06152421,-0.012269042,-0.04144487,-0.03233292,0.013260663,0.035412222,0.0058852104,0.06798403,0.07504696,0.0042250357,0.061237473,0.13700528,-0.007540216,-0.03031808,4.0576897e-33,0.01936489,-0.040235937,0.03239313,-0.001883721,0.12793018,-0.04698265,0.011025346,5.1872726e-06,-0.030170219,-0.002247118,0.021225717,0.06423544,-0.038031925,0.03532558,0.05130206,-0.06285985,-0.02336282,0.066077046,0.023249527,-0.032123066,0.053709324,-0.060905967,0.008340837,0.03374276,0.04954212,0.029639702,0.015706599,0.012018116,0.060827963,-0.009740537,0.015744692,0.027016273,-0.056441963,0.04461347,-0.025708381,-0.019202601,-0.02176373,-0.024844704,0.033692617,0.074380845,-0.039930433,0.04764461,0.044116348,-0.008548327,-0.103717916,-0.022273542,0.021520015,0.0137127135,0.090715416,-0.016455023,0.018842882,-0.004240805,0.0483757,-0.0012905697,0.05205765,0.040985145,0.031793956,-0.011597253,0.020251561,0.029875467,-0.046431217,-0.009714625,-0.0065389923,0.045034956,-0.04505504,-0.04149737,0.080654226,0.0933104,0.07873306,0.06318808,-0.017551173,0.03583543,0.09324878,0.0011506054,0.007396135,-0.004535598,-0.017874623,-0.0717314,-0.0048596202,0.0055461037,-0.040329833,-0.0051720105,0.004173095,0.062002175,0.019364987,-0.037110027,-0.03412339,0.018346034,0.028033795,0.046044134,-0.03605302,0.03055144,-0.11344486,0.017089095,-0.0670856,-3.331605e-33,-0.046892334,-0.014558437,-0.08887485,0.045417704,0.016425116,-0.0059431093,-0.02882196,0.08212708,0.010947229,0.000856701,0.023447245,-0.008167672,0.016680622,-0.000823312,-0.04075422,0.0459498,-0.0025927427,-0.100187376,0.026215145,-0.02030314,-0.062018313,0.06592031,-0.059773475,-0.025751237,0.011246879,0.042580646,-0.008825841,0.015916763,-0.05760334,-0.006996264,-0.0046914914,-0.035884295,-0.026830917,-0.0045425585,-0.024269825,0.044911437,0.026574263,-0.01155943,-0.04821463,0.008591468,0.109972,-0.03929202,-0.11983039,-0.034849208,-0.05259576,-0.051763643,-0.10374229,0.05480777,-0.02165176,-0.013600915,-0.00020387041,0.022850292,-0.01229402,-0.1338791,-0.028267834,-0.0625903,0.048014298,0.03949995,-0.05514302,0.019245382,0.0017927748,-0.071200654,0.12915671,-0.018564105,-0.039048065,-0.048636705,-0.04600462,0.036708105,-0.05833786,-0.021456795,0.0770481,-0.049991902,-0.07060115,0.0770101,0.040209975,-0.0103273755,0.0040762085,-0.063228905,0.0534435,-0.008253794,0.02632462,0.04859072,-0.0012366294,0.08697759,0.066430084,0.08341518,-0.01973413,-0.012644004,0.050986666,0.041811515,-0.07659772,-0.0034613986,-0.078358606,0.12610646,-0.09158471,-4.3413383e-08,-0.050553333,0.04112381,0.015271987,0.066868186,-0.017117923,-0.038129423,-0.00033975655,0.06976253,0.005164688,-0.093640245,0.025707971,-0.08182061,0.0059134667,0.016296096,0.048601486,0.05005751,-0.045686536,0.016050424,-0.001025559,-0.0761363,0.06740637,0.045733605,0.011475238,0.0308888,0.07393638,-0.036130328,-0.03687109,0.036556967,-0.03386064,0.023027126,0.021503383,-0.013904559,0.01781958,-0.026202977,0.10579372,0.01452303,-0.020959808,-0.06017946,-0.05456554,-0.047790855,-0.031294815,0.029295547,-0.012264164,-0.062459826,-0.00891142,-0.004284139,-0.0063980706,-0.099971086,0.10721874,-0.007208025,0.02103449,-0.039041333,0.015112091,0.10144915,0.10017462,-0.010869205,0.075650305,-0.05179845,0.06292112,0.10887743,-0.011343467,0.016260771,0.035590615,0.018294312]	2
\.


--
-- Name: auth_group_id_seq; Type: SEQUENCE SET; Schema: public; Owner: postgres
--

SELECT pg_catalog.setval('public.auth_group_id_seq', 1, false);


--
-- Name: auth_group_permissions_id_seq; Type: SEQUENCE SET; Schema: public; Owner: postgres
--

SELECT pg_catalog.setval('public.auth_group_permissions_id_seq', 1, false);


--
-- Name: auth_permission_id_seq; Type: SEQUENCE SET; Schema: public; Owner: postgres
--

SELECT pg_catalog.setval('public.auth_permission_id_seq', 40, true);


--
-- Name: auth_user_groups_id_seq; Type: SEQUENCE SET; Schema: public; Owner: postgres
--

SELECT pg_catalog.setval('public.auth_user_groups_id_seq', 1, false);


--
-- Name: auth_user_id_seq; Type: SEQUENCE SET; Schema: public; Owner: postgres
--

SELECT pg_catalog.setval('public.auth_user_id_seq', 3, true);


--
-- Name: auth_user_user_permissions_id_seq; Type: SEQUENCE SET; Schema: public; Owner: postgres
--

SELECT pg_catalog.setval('public.auth_user_user_permissions_id_seq', 1, false);


--
-- Name: django_admin_log_id_seq; Type: SEQUENCE SET; Schema: public; Owner: postgres
--

SELECT pg_catalog.setval('public.django_admin_log_id_seq', 1, true);


--
-- Name: django_content_type_id_seq; Type: SEQUENCE SET; Schema: public; Owner: postgres
--

SELECT pg_catalog.setval('public.django_content_type_id_seq', 10, true);


--
-- Name: django_migrations_id_seq; Type: SEQUENCE SET; Schema: public; Owner: postgres
--

SELECT pg_catalog.setval('public.django_migrations_id_seq', 20, true);


--
-- Name: rag_chatconversation_id_seq; Type: SEQUENCE SET; Schema: public; Owner: postgres
--

SELECT pg_catalog.setval('public.rag_chatconversation_id_seq', 1, true);


--
-- Name: rag_chatmessage_id_seq; Type: SEQUENCE SET; Schema: public; Owner: postgres
--

SELECT pg_catalog.setval('public.rag_chatmessage_id_seq', 12, true);


--
-- Name: rag_document_id_seq; Type: SEQUENCE SET; Schema: public; Owner: postgres
--

SELECT pg_catalog.setval('public.rag_document_id_seq', 2, true);


--
-- Name: rag_documentchunk_id_seq; Type: SEQUENCE SET; Schema: public; Owner: postgres
--

SELECT pg_catalog.setval('public.rag_documentchunk_id_seq', 12, true);


--
-- Name: auth_group auth_group_name_key; Type: CONSTRAINT; Schema: public; Owner: postgres
--

ALTER TABLE ONLY public.auth_group
    ADD CONSTRAINT auth_group_name_key UNIQUE (name);


--
-- Name: auth_group_permissions auth_group_permissions_group_id_permission_id_0cd325b0_uniq; Type: CONSTRAINT; Schema: public; Owner: postgres
--

ALTER TABLE ONLY public.auth_group_permissions
    ADD CONSTRAINT auth_group_permissions_group_id_permission_id_0cd325b0_uniq UNIQUE (group_id, permission_id);


--
-- Name: auth_group_permissions auth_group_permissions_pkey; Type: CONSTRAINT; Schema: public; Owner: postgres
--

ALTER TABLE ONLY public.auth_group_permissions
    ADD CONSTRAINT auth_group_permissions_pkey PRIMARY KEY (id);


--
-- Name: auth_group auth_group_pkey; Type: CONSTRAINT; Schema: public; Owner: postgres
--

ALTER TABLE ONLY public.auth_group
    ADD CONSTRAINT auth_group_pkey PRIMARY KEY (id);


--
-- Name: auth_permission auth_permission_content_type_id_codename_01ab375a_uniq; Type: CONSTRAINT; Schema: public; Owner: postgres
--

ALTER TABLE ONLY public.auth_permission
    ADD CONSTRAINT auth_permission_content_type_id_codename_01ab375a_uniq UNIQUE (content_type_id, codename);


--
-- Name: auth_permission auth_permission_pkey; Type: CONSTRAINT; Schema: public; Owner: postgres
--

ALTER TABLE ONLY public.auth_permission
    ADD CONSTRAINT auth_permission_pkey PRIMARY KEY (id);


--
-- Name: auth_user_groups auth_user_groups_pkey; Type: CONSTRAINT; Schema: public; Owner: postgres
--

ALTER TABLE ONLY public.auth_user_groups
    ADD CONSTRAINT auth_user_groups_pkey PRIMARY KEY (id);


--
-- Name: auth_user_groups auth_user_groups_user_id_group_id_94350c0c_uniq; Type: CONSTRAINT; Schema: public; Owner: postgres
--

ALTER TABLE ONLY public.auth_user_groups
    ADD CONSTRAINT auth_user_groups_user_id_group_id_94350c0c_uniq UNIQUE (user_id, group_id);


--
-- Name: auth_user auth_user_pkey; Type: CONSTRAINT; Schema: public; Owner: postgres
--

ALTER TABLE ONLY public.auth_user
    ADD CONSTRAINT auth_user_pkey PRIMARY KEY (id);


--
-- Name: auth_user_user_permissions auth_user_user_permissions_pkey; Type: CONSTRAINT; Schema: public; Owner: postgres
--

ALTER TABLE ONLY public.auth_user_user_permissions
    ADD CONSTRAINT auth_user_user_permissions_pkey PRIMARY KEY (id);


--
-- Name: auth_user_user_permissions auth_user_user_permissions_user_id_permission_id_14a6b632_uniq; Type: CONSTRAINT; Schema: public; Owner: postgres
--

ALTER TABLE ONLY public.auth_user_user_permissions
    ADD CONSTRAINT auth_user_user_permissions_user_id_permission_id_14a6b632_uniq UNIQUE (user_id, permission_id);


--
-- Name: auth_user auth_user_username_key; Type: CONSTRAINT; Schema: public; Owner: postgres
--

ALTER TABLE ONLY public.auth_user
    ADD CONSTRAINT auth_user_username_key UNIQUE (username);


--
-- Name: django_admin_log django_admin_log_pkey; Type: CONSTRAINT; Schema: public; Owner: postgres
--

ALTER TABLE ONLY public.django_admin_log
    ADD CONSTRAINT django_admin_log_pkey PRIMARY KEY (id);


--
-- Name: django_content_type django_content_type_app_label_model_76bd3d3b_uniq; Type: CONSTRAINT; Schema: public; Owner: postgres
--

ALTER TABLE ONLY public.django_content_type
    ADD CONSTRAINT django_content_type_app_label_model_76bd3d3b_uniq UNIQUE (app_label, model);


--
-- Name: django_content_type django_content_type_pkey; Type: CONSTRAINT; Schema: public; Owner: postgres
--

ALTER TABLE ONLY public.django_content_type
    ADD CONSTRAINT django_content_type_pkey PRIMARY KEY (id);


--
-- Name: django_migrations django_migrations_pkey; Type: CONSTRAINT; Schema: public; Owner: postgres
--

ALTER TABLE ONLY public.django_migrations
    ADD CONSTRAINT django_migrations_pkey PRIMARY KEY (id);


--
-- Name: django_session django_session_pkey; Type: CONSTRAINT; Schema: public; Owner: postgres
--

ALTER TABLE ONLY public.django_session
    ADD CONSTRAINT django_session_pkey PRIMARY KEY (session_key);


--
-- Name: rag_chatconversation rag_chatconversation_pkey; Type: CONSTRAINT; Schema: public; Owner: postgres
--

ALTER TABLE ONLY public.rag_chatconversation
    ADD CONSTRAINT rag_chatconversation_pkey PRIMARY KEY (id);


--
-- Name: rag_chatmessage rag_chatmessage_pkey; Type: CONSTRAINT; Schema: public; Owner: postgres
--

ALTER TABLE ONLY public.rag_chatmessage
    ADD CONSTRAINT rag_chatmessage_pkey PRIMARY KEY (id);


--
-- Name: rag_document rag_document_pkey; Type: CONSTRAINT; Schema: public; Owner: postgres
--

ALTER TABLE ONLY public.rag_document
    ADD CONSTRAINT rag_document_pkey PRIMARY KEY (id);


--
-- Name: rag_documentchunk rag_documentchunk_pkey; Type: CONSTRAINT; Schema: public; Owner: postgres
--

ALTER TABLE ONLY public.rag_documentchunk
    ADD CONSTRAINT rag_documentchunk_pkey PRIMARY KEY (id);


--
-- Name: auth_group_name_a6ea08ec_like; Type: INDEX; Schema: public; Owner: postgres
--

CREATE INDEX auth_group_name_a6ea08ec_like ON public.auth_group USING btree (name varchar_pattern_ops);


--
-- Name: auth_group_permissions_group_id_b120cbf9; Type: INDEX; Schema: public; Owner: postgres
--

CREATE INDEX auth_group_permissions_group_id_b120cbf9 ON public.auth_group_permissions USING btree (group_id);


--
-- Name: auth_group_permissions_permission_id_84c5c92e; Type: INDEX; Schema: public; Owner: postgres
--

CREATE INDEX auth_group_permissions_permission_id_84c5c92e ON public.auth_group_permissions USING btree (permission_id);


--
-- Name: auth_permission_content_type_id_2f476e4b; Type: INDEX; Schema: public; Owner: postgres
--

CREATE INDEX auth_permission_content_type_id_2f476e4b ON public.auth_permission USING btree (content_type_id);


--
-- Name: auth_user_groups_group_id_97559544; Type: INDEX; Schema: public; Owner: postgres
--

CREATE INDEX auth_user_groups_group_id_97559544 ON public.auth_user_groups USING btree (group_id);


--
-- Name: auth_user_groups_user_id_6a12ed8b; Type: INDEX; Schema: public; Owner: postgres
--

CREATE INDEX auth_user_groups_user_id_6a12ed8b ON public.auth_user_groups USING btree (user_id);


--
-- Name: auth_user_user_permissions_permission_id_1fbb5f2c; Type: INDEX; Schema: public; Owner: postgres
--

CREATE INDEX auth_user_user_permissions_permission_id_1fbb5f2c ON public.auth_user_user_permissions USING btree (permission_id);


--
-- Name: auth_user_user_permissions_user_id_a95ead1b; Type: INDEX; Schema: public; Owner: postgres
--

CREATE INDEX auth_user_user_permissions_user_id_a95ead1b ON public.auth_user_user_permissions USING btree (user_id);


--
-- Name: auth_user_username_6821ab7c_like; Type: INDEX; Schema: public; Owner: postgres
--

CREATE INDEX auth_user_username_6821ab7c_like ON public.auth_user USING btree (username varchar_pattern_ops);


--
-- Name: django_admin_log_content_type_id_c4bce8eb; Type: INDEX; Schema: public; Owner: postgres
--

CREATE INDEX django_admin_log_content_type_id_c4bce8eb ON public.django_admin_log USING btree (content_type_id);


--
-- Name: django_admin_log_user_id_c564eba6; Type: INDEX; Schema: public; Owner: postgres
--

CREATE INDEX django_admin_log_user_id_c564eba6 ON public.django_admin_log USING btree (user_id);


--
-- Name: django_session_expire_date_a5c62663; Type: INDEX; Schema: public; Owner: postgres
--

CREATE INDEX django_session_expire_date_a5c62663 ON public.django_session USING btree (expire_date);


--
-- Name: django_session_session_key_c0390e0f_like; Type: INDEX; Schema: public; Owner: postgres
--

CREATE INDEX django_session_session_key_c0390e0f_like ON public.django_session USING btree (session_key varchar_pattern_ops);


--
-- Name: rag_chatconversation_document_id_a665dd02; Type: INDEX; Schema: public; Owner: postgres
--

CREATE INDEX rag_chatconversation_document_id_a665dd02 ON public.rag_chatconversation USING btree (document_id);


--
-- Name: rag_chatconversation_user_id_6bfb8f87; Type: INDEX; Schema: public; Owner: postgres
--

CREATE INDEX rag_chatconversation_user_id_6bfb8f87 ON public.rag_chatconversation USING btree (user_id);


--
-- Name: rag_chatmessage_conversation_id_1d2f02c7; Type: INDEX; Schema: public; Owner: postgres
--

CREATE INDEX rag_chatmessage_conversation_id_1d2f02c7 ON public.rag_chatmessage USING btree (conversation_id);


--
-- Name: rag_document_user_id_0d8a3634; Type: INDEX; Schema: public; Owner: postgres
--

CREATE INDEX rag_document_user_id_0d8a3634 ON public.rag_document USING btree (user_id);


--
-- Name: rag_documentchunk_document_id_1048dadf; Type: INDEX; Schema: public; Owner: postgres
--

CREATE INDEX rag_documentchunk_document_id_1048dadf ON public.rag_documentchunk USING btree (document_id);


--
-- Name: auth_group_permissions auth_group_permissio_permission_id_84c5c92e_fk_auth_perm; Type: FK CONSTRAINT; Schema: public; Owner: postgres
--

ALTER TABLE ONLY public.auth_group_permissions
    ADD CONSTRAINT auth_group_permissio_permission_id_84c5c92e_fk_auth_perm FOREIGN KEY (permission_id) REFERENCES public.auth_permission(id) DEFERRABLE INITIALLY DEFERRED;


--
-- Name: auth_group_permissions auth_group_permissions_group_id_b120cbf9_fk_auth_group_id; Type: FK CONSTRAINT; Schema: public; Owner: postgres
--

ALTER TABLE ONLY public.auth_group_permissions
    ADD CONSTRAINT auth_group_permissions_group_id_b120cbf9_fk_auth_group_id FOREIGN KEY (group_id) REFERENCES public.auth_group(id) DEFERRABLE INITIALLY DEFERRED;


--
-- Name: auth_permission auth_permission_content_type_id_2f476e4b_fk_django_co; Type: FK CONSTRAINT; Schema: public; Owner: postgres
--

ALTER TABLE ONLY public.auth_permission
    ADD CONSTRAINT auth_permission_content_type_id_2f476e4b_fk_django_co FOREIGN KEY (content_type_id) REFERENCES public.django_content_type(id) DEFERRABLE INITIALLY DEFERRED;


--
-- Name: auth_user_groups auth_user_groups_group_id_97559544_fk_auth_group_id; Type: FK CONSTRAINT; Schema: public; Owner: postgres
--

ALTER TABLE ONLY public.auth_user_groups
    ADD CONSTRAINT auth_user_groups_group_id_97559544_fk_auth_group_id FOREIGN KEY (group_id) REFERENCES public.auth_group(id) DEFERRABLE INITIALLY DEFERRED;


--
-- Name: auth_user_groups auth_user_groups_user_id_6a12ed8b_fk_auth_user_id; Type: FK CONSTRAINT; Schema: public; Owner: postgres
--

ALTER TABLE ONLY public.auth_user_groups
    ADD CONSTRAINT auth_user_groups_user_id_6a12ed8b_fk_auth_user_id FOREIGN KEY (user_id) REFERENCES public.auth_user(id) DEFERRABLE INITIALLY DEFERRED;


--
-- Name: auth_user_user_permissions auth_user_user_permi_permission_id_1fbb5f2c_fk_auth_perm; Type: FK CONSTRAINT; Schema: public; Owner: postgres
--

ALTER TABLE ONLY public.auth_user_user_permissions
    ADD CONSTRAINT auth_user_user_permi_permission_id_1fbb5f2c_fk_auth_perm FOREIGN KEY (permission_id) REFERENCES public.auth_permission(id) DEFERRABLE INITIALLY DEFERRED;


--
-- Name: auth_user_user_permissions auth_user_user_permissions_user_id_a95ead1b_fk_auth_user_id; Type: FK CONSTRAINT; Schema: public; Owner: postgres
--

ALTER TABLE ONLY public.auth_user_user_permissions
    ADD CONSTRAINT auth_user_user_permissions_user_id_a95ead1b_fk_auth_user_id FOREIGN KEY (user_id) REFERENCES public.auth_user(id) DEFERRABLE INITIALLY DEFERRED;


--
-- Name: django_admin_log django_admin_log_content_type_id_c4bce8eb_fk_django_co; Type: FK CONSTRAINT; Schema: public; Owner: postgres
--

ALTER TABLE ONLY public.django_admin_log
    ADD CONSTRAINT django_admin_log_content_type_id_c4bce8eb_fk_django_co FOREIGN KEY (content_type_id) REFERENCES public.django_content_type(id) DEFERRABLE INITIALLY DEFERRED;


--
-- Name: django_admin_log django_admin_log_user_id_c564eba6_fk_auth_user_id; Type: FK CONSTRAINT; Schema: public; Owner: postgres
--

ALTER TABLE ONLY public.django_admin_log
    ADD CONSTRAINT django_admin_log_user_id_c564eba6_fk_auth_user_id FOREIGN KEY (user_id) REFERENCES public.auth_user(id) DEFERRABLE INITIALLY DEFERRED;


--
-- Name: rag_chatconversation rag_chatconversation_document_id_a665dd02_fk_rag_document_id; Type: FK CONSTRAINT; Schema: public; Owner: postgres
--

ALTER TABLE ONLY public.rag_chatconversation
    ADD CONSTRAINT rag_chatconversation_document_id_a665dd02_fk_rag_document_id FOREIGN KEY (document_id) REFERENCES public.rag_document(id) DEFERRABLE INITIALLY DEFERRED;


--
-- Name: rag_chatconversation rag_chatconversation_user_id_6bfb8f87_fk_auth_user_id; Type: FK CONSTRAINT; Schema: public; Owner: postgres
--

ALTER TABLE ONLY public.rag_chatconversation
    ADD CONSTRAINT rag_chatconversation_user_id_6bfb8f87_fk_auth_user_id FOREIGN KEY (user_id) REFERENCES public.auth_user(id) DEFERRABLE INITIALLY DEFERRED;


--
-- Name: rag_chatmessage rag_chatmessage_conversation_id_1d2f02c7_fk_rag_chatc; Type: FK CONSTRAINT; Schema: public; Owner: postgres
--

ALTER TABLE ONLY public.rag_chatmessage
    ADD CONSTRAINT rag_chatmessage_conversation_id_1d2f02c7_fk_rag_chatc FOREIGN KEY (conversation_id) REFERENCES public.rag_chatconversation(id) DEFERRABLE INITIALLY DEFERRED;


--
-- Name: rag_document rag_document_user_id_0d8a3634_fk_auth_user_id; Type: FK CONSTRAINT; Schema: public; Owner: postgres
--

ALTER TABLE ONLY public.rag_document
    ADD CONSTRAINT rag_document_user_id_0d8a3634_fk_auth_user_id FOREIGN KEY (user_id) REFERENCES public.auth_user(id) DEFERRABLE INITIALLY DEFERRED;


--
-- Name: rag_documentchunk rag_documentchunk_document_id_1048dadf_fk_rag_document_id; Type: FK CONSTRAINT; Schema: public; Owner: postgres
--

ALTER TABLE ONLY public.rag_documentchunk
    ADD CONSTRAINT rag_documentchunk_document_id_1048dadf_fk_rag_document_id FOREIGN KEY (document_id) REFERENCES public.rag_document(id) DEFERRABLE INITIALLY DEFERRED;


--
-- PostgreSQL database dump complete
--

\unrestrict Ki0IyWbPMsg4pxZwBvE9pIah7Ic81t1gn3a7T8uI91wr2ahPfypnOIQcngyO2E5

